feature,level,auc,auc_ci_low,auc_ci_high,threshold,a,b,tn,fp,fn,tp,alpha,beta,power,ks,ks_p,fpr,tpr
Age,Insufficient,0.2036822681764386,0.18106864603193856,0.22780124394733264,16.0,-inf,16.0,2,1837,0,272,0.9989124524197933,0.0,1.0,0.47384488052969964,4.736573768867451e-49,"[0.00000000e+00 5.43773790e-04 2.71886895e-03 3.80641653e-03
 7.61283306e-03 9.24415443e-03 1.84883089e-02 2.22947254e-02
 3.09951060e-02 3.42577488e-02 4.35019032e-02 4.45894508e-02
 5.76400218e-02 6.14464383e-02 7.77596520e-02 7.93909734e-02
 8.42849375e-02 8.59162588e-02 9.08102229e-02 9.24415443e-02
 9.40728657e-02 9.40728657e-02 1.04404568e-01 1.07123437e-01
 1.19630234e-01 1.26699293e-01 1.32137031e-01 1.32137031e-01
 1.34312126e-01 1.35943448e-01 1.58781947e-01 1.60957042e-01
 1.91952148e-01 1.96302338e-01 1.96846112e-01 1.96846112e-01
 2.13159326e-01 2.19140837e-01 2.39804241e-01 2.39804241e-01
 2.47417074e-01 2.68080479e-01 3.23001631e-01 3.45840131e-01
 3.46927678e-01 3.52365416e-01 3.53452964e-01 3.58890701e-01
 3.59978249e-01 3.65959761e-01 3.67047308e-01 3.70853725e-01
 3.71941272e-01 3.82816748e-01 3.82816748e-01 4.00217510e-01
 4.08917890e-01 4.33931485e-01 4.33931485e-01 4.44263187e-01
 4.53507341e-01 4.69276781e-01 4.69276781e-01 4.73626971e-01
 4.73626971e-01 4.91571506e-01 4.91571506e-01 5.33985862e-01
 5.33985862e-01 5.34529636e-01 5.34529636e-01 5.38879826e-01
 5.38879826e-01 5.41598695e-01 5.41598695e-01 5.42142469e-01
 5.42142469e-01 5.48667754e-01 5.48667754e-01 5.49755302e-01
 5.49755302e-01 5.62805873e-01 5.62805873e-01 5.69331158e-01
 5.69331158e-01 5.72593801e-01 5.72593801e-01 5.75856444e-01
 5.75856444e-01 5.76400218e-01 5.76400218e-01 5.78575313e-01
 5.78575313e-01 5.79119086e-01 5.79119086e-01 5.81837955e-01
 5.81837955e-01 5.84013051e-01 5.84013051e-01 5.84556824e-01
 5.84556824e-01 5.87819467e-01 5.87819467e-01 5.88907015e-01
 6.08482871e-01 6.08482871e-01 6.09026645e-01 6.09026645e-01
 6.12833061e-01 6.13376835e-01 6.22620990e-01 6.22620990e-01
 6.25339859e-01 6.25339859e-01 6.25883632e-01 6.26427406e-01
 6.26427406e-01 6.27514954e-01 6.27514954e-01 6.32952692e-01
 6.32952692e-01 6.48722132e-01 6.48722132e-01 6.50353453e-01
 6.50353453e-01 6.57966286e-01 6.57966286e-01 6.61228929e-01
 6.61228929e-01 6.62860250e-01 6.62860250e-01 6.64491572e-01
 6.64491572e-01 6.72648178e-01 6.72648178e-01 6.74823274e-01
 6.74823274e-01 6.82979880e-01 6.82979880e-01 6.92767809e-01
 7.41163676e-01 7.45513866e-01 7.45513866e-01 7.52039152e-01
 7.52039152e-01 7.56933116e-01 7.56933116e-01 7.57476890e-01
 7.57476890e-01 7.63458401e-01 7.63458401e-01 7.65633496e-01
 7.65633496e-01 7.68352365e-01 7.68352365e-01 7.70527461e-01
 7.70527461e-01 7.73246330e-01 7.73246330e-01 7.75421425e-01
 7.75421425e-01 7.75965198e-01 7.75965198e-01 7.79771615e-01
 8.03697662e-01 8.03697662e-01 8.04241436e-01 8.04241436e-01
 8.04785209e-01 8.04785209e-01 8.05328983e-01 8.05328983e-01
 8.06960305e-01 8.06960305e-01 8.07504078e-01 8.07504078e-01
 8.08591626e-01 8.08591626e-01 8.10222947e-01 8.10222947e-01
 8.12398042e-01 8.12398042e-01 8.14029364e-01 8.14029364e-01
 8.15116911e-01 8.15116911e-01 8.17292007e-01 8.17292007e-01
 8.17835780e-01 8.17835780e-01 8.18923328e-01 8.18923328e-01
 8.20554649e-01 8.20554649e-01 8.21642197e-01 8.21642197e-01
 8.24361066e-01 8.24361066e-01 8.27623709e-01 8.27623709e-01
 8.28711256e-01 8.28711256e-01 8.29798804e-01 8.29798804e-01
 8.30342577e-01 8.30342577e-01 8.31430125e-01 8.31430125e-01
 8.33605220e-01 8.33605220e-01 8.34148994e-01 8.34148994e-01
 8.38499184e-01 8.38499184e-01 8.39586732e-01 8.39586732e-01
 8.40130506e-01 8.40130506e-01 8.41761827e-01 8.41761827e-01
 8.43393148e-01 8.43393148e-01 8.43936922e-01 8.70038064e-01
 8.70038064e-01 8.73300707e-01 8.73300707e-01 8.76019576e-01
 8.76019576e-01 8.76563350e-01 8.76563350e-01 8.80369766e-01
 8.80369766e-01 8.81457314e-01 8.81457314e-01 8.84719956e-01
 8.84719956e-01 8.86895052e-01 8.86895052e-01 8.87438825e-01
 8.87438825e-01 8.87982599e-01 8.87982599e-01 8.88526373e-01
 8.88526373e-01 8.89070147e-01 8.89070147e-01 8.89613921e-01
 8.89613921e-01 8.90157694e-01 8.90157694e-01 8.93964111e-01
 8.93964111e-01 8.97226754e-01 8.97226754e-01 9.01033170e-01
 9.01033170e-01 9.03208265e-01 9.03208265e-01 9.06470908e-01
 9.06470908e-01 9.07558456e-01 9.07558456e-01 9.09189777e-01
 9.09189777e-01 9.09733551e-01 9.09733551e-01 9.10277325e-01
 9.10277325e-01 9.11908646e-01 9.11908646e-01 9.12452420e-01
 9.65198477e-01 9.67373573e-01 9.67373573e-01 9.67917346e-01
 9.67917346e-01 9.69004894e-01 9.69004894e-01 9.70092442e-01
 9.70092442e-01 9.70636215e-01 9.70636215e-01 9.72811310e-01
 9.72811310e-01 9.73355084e-01 9.73355084e-01 9.73898858e-01
 9.73898858e-01 9.74986406e-01 9.74986406e-01 9.75530179e-01
 9.75530179e-01 9.76617727e-01 9.76617727e-01 9.89124524e-01
 9.90212072e-01 9.90212072e-01 9.90755846e-01 9.90755846e-01
 9.91299619e-01 9.91299619e-01 9.92387167e-01 9.92930941e-01
 9.92930941e-01 9.93474715e-01 9.93474715e-01 9.95106036e-01
 9.98912452e-01 1.00000000e+00]","[0.         0.         0.         0.         0.         0.
 0.         0.         0.         0.         0.         0.00367647
 0.00367647 0.00367647 0.00367647 0.00367647 0.00367647 0.00367647
 0.00367647 0.00367647 0.00367647 0.00735294 0.00735294 0.00735294
 0.00735294 0.00735294 0.00735294 0.01102941 0.01102941 0.01102941
 0.01102941 0.01102941 0.01102941 0.01102941 0.01102941 0.01470588
 0.01470588 0.01470588 0.01470588 0.01838235 0.01838235 0.01838235
 0.01838235 0.01838235 0.01838235 0.01838235 0.01838235 0.01838235
 0.01838235 0.01838235 0.01838235 0.01838235 0.01838235 0.01838235
 0.02205882 0.02205882 0.02205882 0.02205882 0.02573529 0.02573529
 0.02941176 0.02941176 0.03308824 0.03308824 0.03676471 0.03676471
 0.04411765 0.08455882 0.08823529 0.08823529 0.09558824 0.09558824
 0.09926471 0.09926471 0.10294118 0.10294118 0.10661765 0.10661765
 0.11029412 0.11029412 0.11397059 0.11397059 0.11764706 0.11764706
 0.12132353 0.12132353 0.125      0.125      0.13235294 0.13235294
 0.13602941 0.13602941 0.13970588 0.13970588 0.14338235 0.14338235
 0.14705882 0.14705882 0.15073529 0.15073529 0.15441176 0.15441176
 0.16176471 0.16176471 0.17279412 0.17647059 0.17647059 0.18014706
 0.18014706 0.18382353 0.18382353 0.1875     0.1875     0.19117647
 0.19485294 0.19485294 0.19852941 0.19852941 0.20220588 0.20220588
 0.20588235 0.20588235 0.20955882 0.20955882 0.21691176 0.21691176
 0.22058824 0.22058824 0.22426471 0.22426471 0.22794118 0.22794118
 0.23529412 0.23529412 0.23897059 0.23897059 0.24264706 0.24264706
 0.24632353 0.24632353 0.27205882 0.27205882 0.27941176 0.27941176
 0.28308824 0.28308824 0.28676471 0.28676471 0.29044118 0.29044118
 0.29411765 0.29411765 0.29779412 0.29779412 0.30882353 0.30882353
 0.3125     0.3125     0.33088235 0.33088235 0.33455882 0.33455882
 0.33823529 0.33823529 0.35294118 0.35661765 0.35661765 0.36397059
 0.36397059 0.36764706 0.36764706 0.38602941 0.38602941 0.38970588
 0.38970588 0.39705882 0.39705882 0.40073529 0.40073529 0.40441176
 0.40441176 0.41176471 0.41176471 0.41911765 0.41911765 0.42647059
 0.42647059 0.43014706 0.43014706 0.4375     0.4375     0.44117647
 0.44117647 0.44485294 0.44485294 0.44852941 0.44852941 0.45588235
 0.45588235 0.45955882 0.45955882 0.47058824 0.47058824 0.47426471
 0.47426471 0.49264706 0.49264706 0.5        0.5        0.50367647
 0.50367647 0.50735294 0.50735294 0.51102941 0.51102941 0.51838235
 0.51838235 0.53676471 0.53676471 0.54044118 0.54044118 0.54779412
 0.54779412 0.58823529 0.59191176 0.59191176 0.59926471 0.59926471
 0.60294118 0.60294118 0.60661765 0.60661765 0.61029412 0.61029412
 0.61397059 0.61397059 0.61764706 0.61764706 0.62132353 0.62132353
 0.62867647 0.62867647 0.63970588 0.63970588 0.64705882 0.64705882
 0.65441176 0.65441176 0.65808824 0.65808824 0.66176471 0.66176471
 0.67279412 0.67279412 0.67647059 0.67647059 0.68014706 0.68014706
 0.68382353 0.68382353 0.6875     0.6875     0.69117647 0.69117647
 0.69485294 0.69485294 0.69852941 0.69852941 0.70220588 0.70220588
 0.70588235 0.70588235 0.81985294 0.81985294 0.82720588 0.82720588
 0.83455882 0.83455882 0.85294118 0.85294118 0.86029412 0.86029412
 0.875      0.875      0.89338235 0.89338235 0.90441176 0.90441176
 0.90808824 0.90808824 0.91544118 0.91544118 0.92279412 0.92279412
 0.93382353 0.95955882 0.95955882 0.96323529 0.96323529 0.96691176
 0.96691176 0.98161765 0.98161765 0.98529412 0.98897059 0.98897059
 0.99264706 0.99264706 1.         1.        ]"
Age,Normal,0.3393869582492817,0.3073723227522728,0.37036976619795486,61.0,-inf,61.0,1824,0,286,1,0.0,0.9965156794425087,0.0034843205574912606,0.2916150895531512,3.862624333506135e-19,"[0.         0.         0.00219298 0.00328947 0.00383772 0.00383772
 0.00657895 0.00822368 0.01754386 0.02138158 0.03015351 0.03344298
 0.04276316 0.04440789 0.05756579 0.05921053 0.07565789 0.07730263
 0.08223684 0.08333333 0.08826754 0.08936404 0.10197368 0.10416667
 0.11677632 0.12061404 0.12883772 0.12993421 0.15296053 0.15405702
 0.18530702 0.18859649 0.20614035 0.21052632 0.23190789 0.2379386
 0.25877193 0.30866228 0.3316886  0.33278509 0.33826754 0.33936404
 0.34484649 0.34594298 0.35197368 0.35307018 0.35690789 0.35800439
 0.3870614  0.38980263 0.42598684 0.43037281 0.47094298 0.50438596
 0.57127193 0.57894737 0.58442982 0.58552632 0.59868421 0.5997807
 0.67489035 0.70285088 0.75164474 0.76151316 0.83114035 0.84484649
 0.90515351 0.95175439 0.98026316 0.98684211 0.99342105 0.99451754
 0.99780702 0.99945175 1.         1.        ]","[0.         0.00348432 0.00348432 0.00348432 0.00348432 0.00696864
 0.00696864 0.00696864 0.00696864 0.00696864 0.00696864 0.00696864
 0.00696864 0.00696864 0.00696864 0.02090592 0.02090592 0.02090592
 0.02090592 0.02439024 0.02439024 0.02787456 0.02787456 0.03135889
 0.03135889 0.05226481 0.05226481 0.05574913 0.05574913 0.06271777
 0.06271777 0.06968641 0.06968641 0.08013937 0.08013937 0.09059233
 0.09059233 0.12543554 0.12543554 0.12543554 0.12543554 0.12543554
 0.12543554 0.12543554 0.12543554 0.12543554 0.12543554 0.12543554
 0.12543554 0.16376307 0.16376307 0.19860627 0.19860627 0.29616725
 0.29616725 0.38327526 0.38327526 0.38327526 0.38327526 0.38327526
 0.38327526 0.54006969 0.54006969 0.6445993  0.6445993  0.7630662
 0.7630662  0.91289199 0.91289199 0.97560976 0.97560976 0.97560976
 0.97560976 0.99651568 0.99651568 1.        ]"
Age,Overweight,0.5277466834838622,0.49943621041176417,0.5584850013881932,26.047077,26.047077,inf,1225,306,393,187,0.1998693664271718,0.6775862068965517,0.3224137931034483,0.12254442667627649,5.743853885665079e-06,"[0.00000000e+00 6.53167864e-04 6.53167864e-04 6.53167864e-04
 1.95950359e-03 1.95950359e-03 2.61267146e-03 2.61267146e-03
 2.61267146e-03 7.18484651e-03 7.18484651e-03 9.14435010e-03
 9.14435010e-03 1.04506858e-02 1.43696930e-02 2.48203788e-02
 2.54735467e-02 2.54735467e-02 2.87393860e-02 2.87393860e-02
 2.93925539e-02 2.93925539e-02 3.00457218e-02 3.00457218e-02
 3.06988896e-02 3.06988896e-02 3.33115611e-02 3.46178968e-02
 3.46178968e-02 3.52710647e-02 3.52710647e-02 3.65774004e-02
 3.65774004e-02 3.98432397e-02 3.98432397e-02 4.11495754e-02
 4.11495754e-02 4.44154148e-02 4.44154148e-02 4.76812541e-02
 5.29065970e-02 5.29065970e-02 5.74787720e-02 5.74787720e-02
 5.81319399e-02 5.81319399e-02 5.94382756e-02 5.94382756e-02
 6.00914435e-02 6.00914435e-02 6.27041150e-02 6.33572828e-02
 6.40104507e-02 6.40104507e-02 6.59699543e-02 6.59699543e-02
 6.66231221e-02 6.66231221e-02 6.72762900e-02 6.85826257e-02
 6.85826257e-02 6.98889615e-02 6.98889615e-02 7.11952972e-02
 7.11952972e-02 7.18484651e-02 7.18484651e-02 7.25016329e-02
 7.25016329e-02 7.38079686e-02 7.38079686e-02 7.44611365e-02
 7.44611365e-02 7.57674722e-02 7.57674722e-02 7.64206401e-02
 7.64206401e-02 7.77269758e-02 7.77269758e-02 7.83801437e-02
 7.83801437e-02 7.90333116e-02 7.90333116e-02 8.36054866e-02
 8.36054866e-02 8.49118223e-02 8.49118223e-02 8.55649902e-02
 8.55649902e-02 8.62181581e-02 8.62181581e-02 8.75244938e-02
 8.75244938e-02 8.81776617e-02 8.81776617e-02 9.01371653e-02
 9.01371653e-02 9.07903331e-02 9.07903331e-02 9.47093403e-02
 9.47093403e-02 9.66688439e-02 9.66688439e-02 9.79751796e-02
 9.79751796e-02 9.86283475e-02 9.86283475e-02 9.92815153e-02
 9.92815153e-02 1.03200523e-01 1.03200523e-01 1.03853690e-01
 1.03853690e-01 1.07119530e-01 1.07119530e-01 1.08425865e-01
 1.09732201e-01 1.11038537e-01 1.11038537e-01 1.17570216e-01
 1.17570216e-01 1.22142391e-01 1.22142391e-01 1.28020901e-01
 1.28020901e-01 1.34552580e-01 1.34552580e-01 1.36512084e-01
 1.36512084e-01 1.39777923e-01 1.39777923e-01 1.41737427e-01
 1.45003266e-01 1.46309602e-01 1.46309602e-01 1.50228609e-01
 1.50228609e-01 1.51534944e-01 1.51534944e-01 1.56760287e-01
 1.56760287e-01 1.59372959e-01 1.59372959e-01 1.60026127e-01
 1.60026127e-01 1.65904637e-01 1.67210973e-01 1.67210973e-01
 1.67864141e-01 1.67864141e-01 1.69823645e-01 1.69823645e-01
 1.72436316e-01 1.72436316e-01 1.74395820e-01 1.74395820e-01
 1.77008491e-01 1.77008491e-01 1.77661659e-01 1.77661659e-01
 1.81580666e-01 1.81580666e-01 1.83540170e-01 1.85499673e-01
 1.89418681e-01 1.89418681e-01 1.90725016e-01 1.90725016e-01
 1.92031352e-01 1.92031352e-01 1.92684520e-01 1.92684520e-01
 1.93990856e-01 1.93990856e-01 1.95297191e-01 1.95297191e-01
 1.95950359e-01 1.95950359e-01 1.96603527e-01 1.96603527e-01
 1.98563031e-01 1.98563031e-01 1.99869366e-01 1.99869366e-01
 2.03135206e-01 2.67145656e-01 2.94578707e-01 2.95885042e-01
 3.02416721e-01 3.03723057e-01 3.09601568e-01 3.09601568e-01
 3.10907903e-01 3.18092750e-01 3.19399086e-01 3.19399086e-01
 3.23318093e-01 3.24624428e-01 3.31809275e-01 3.31809275e-01
 3.32462443e-01 3.32462443e-01 3.33115611e-01 3.33115611e-01
 3.40300457e-01 3.40300457e-01 3.42259961e-01 3.42259961e-01
 3.47485304e-01 3.47485304e-01 3.51404311e-01 3.51404311e-01
 3.53363815e-01 3.62508165e-01 3.64467668e-01 3.64467668e-01
 3.66427172e-01 3.66427172e-01 3.68386675e-01 3.68386675e-01
 3.76224690e-01 3.76224690e-01 3.78184193e-01 3.78184193e-01
 3.78837361e-01 3.78837361e-01 3.80143697e-01 3.80143697e-01
 3.83409536e-01 3.83409536e-01 3.87981711e-01 3.87981711e-01
 3.89288047e-01 3.89288047e-01 3.91900718e-01 3.91900718e-01
 3.96472894e-01 4.04310908e-01 4.05617244e-01 4.05617244e-01
 4.06923579e-01 4.06923579e-01 4.08883083e-01 4.08883083e-01
 4.09536251e-01 4.09536251e-01 4.11495754e-01 4.11495754e-01
 4.12148922e-01 4.12148922e-01 4.15414762e-01 4.15414762e-01
 4.18027433e-01 4.18027433e-01 4.19333769e-01 4.19333769e-01
 4.22599608e-01 4.22599608e-01 4.24559112e-01 4.24559112e-01
 4.26518615e-01 4.26518615e-01 4.27171783e-01 4.27171783e-01
 4.29131287e-01 4.29131287e-01 4.29784455e-01 4.29784455e-01
 4.30437622e-01 4.30437622e-01 4.31743958e-01 4.31743958e-01
 4.35662965e-01 4.80078380e-01 4.82691052e-01 4.82691052e-01
 4.87916395e-01 4.87916395e-01 4.90529066e-01 4.90529066e-01
 4.94448073e-01 4.94448073e-01 4.95754409e-01 4.95754409e-01
 4.98367080e-01 4.98367080e-01 5.02939255e-01 5.02939255e-01
 5.03592423e-01 5.03592423e-01 5.06858263e-01 5.06858263e-01
 5.08164598e-01 5.08164598e-01 5.08817766e-01 5.08817766e-01
 5.10777270e-01 5.10777270e-01 5.14043109e-01 5.14043109e-01
 5.16002613e-01 5.16002613e-01 5.17308948e-01 5.17308948e-01
 5.19268452e-01 5.19268452e-01 5.23187459e-01 5.23187459e-01
 5.30372306e-01 5.30372306e-01 5.31678641e-01 5.31678641e-01
 5.33638145e-01 5.33638145e-01 5.34944481e-01 5.34944481e-01
 5.36903984e-01 5.36903984e-01 5.37557152e-01 5.37557152e-01
 5.39516656e-01 5.39516656e-01 5.59764860e-01 5.60418027e-01
 5.60418027e-01 5.61071195e-01 5.61071195e-01 5.62377531e-01
 5.62377531e-01 5.63030699e-01 5.63030699e-01 5.63683867e-01
 5.64337035e-01 5.64337035e-01 5.64990202e-01 5.64990202e-01
 5.66949706e-01 5.66949706e-01 5.68909210e-01 5.68909210e-01
 5.70868713e-01 5.70868713e-01 5.71521881e-01 5.71521881e-01
 5.72175049e-01 5.72828217e-01 5.72828217e-01 5.74134553e-01
 5.74134553e-01 5.78053560e-01 5.78053560e-01 5.80013063e-01
 5.80013063e-01 5.81319399e-01 5.81319399e-01 5.83278903e-01
 5.83278903e-01 5.86544742e-01 5.86544742e-01 5.88504246e-01
 5.88504246e-01 5.90463749e-01 5.90463749e-01 5.91770085e-01
 5.91770085e-01 5.94382756e-01 5.94382756e-01 5.98301764e-01
 5.98301764e-01 5.99608099e-01 5.99608099e-01 6.01567603e-01
 6.01567603e-01 6.02220771e-01 6.02220771e-01 6.04833442e-01
 6.04833442e-01 6.15937296e-01 6.15937296e-01 6.16590464e-01
 6.16590464e-01 6.17896799e-01 6.17896799e-01 6.18549967e-01
 6.18549967e-01 6.19856303e-01 6.19856303e-01 6.20509471e-01
 6.20509471e-01 6.21162639e-01 6.21162639e-01 6.21815807e-01
 6.21815807e-01 6.23775310e-01 6.23775310e-01 6.24428478e-01
 6.24428478e-01 6.25081646e-01 6.25081646e-01 6.27041150e-01
 6.27041150e-01 6.28347485e-01 6.28347485e-01 6.30306989e-01
 6.30306989e-01 6.30960157e-01 6.30960157e-01 6.32919660e-01
 6.32919660e-01 6.69497061e-01 6.70803396e-01 6.70803396e-01
 6.71456564e-01 6.71456564e-01 6.79294579e-01 6.79294579e-01
 6.79947747e-01 6.79947747e-01 6.82560418e-01 6.82560418e-01
 6.83213586e-01 6.83213586e-01 6.89092097e-01 6.89092097e-01
 6.90398432e-01 6.90398432e-01 6.91051600e-01 6.91051600e-01
 6.94317440e-01 6.94317440e-01 6.96930111e-01 6.96930111e-01
 6.98236447e-01 6.98236447e-01 7.01502286e-01 7.01502286e-01
 7.05421293e-01 7.05421293e-01 7.17831483e-01 7.41998694e-01
 7.44611365e-01 7.44611365e-01 7.45264533e-01 7.45264533e-01
 7.48530372e-01 7.48530372e-01 7.51796212e-01 7.51796212e-01
 7.53102547e-01 7.53102547e-01 7.53755715e-01 7.53755715e-01
 7.54408883e-01 7.54408883e-01 7.55715219e-01 7.55715219e-01
 7.57021555e-01 7.57021555e-01 7.58981058e-01 7.58981058e-01
 7.59634226e-01 7.59634226e-01 7.60940562e-01 7.60940562e-01
 7.61593730e-01 7.61593730e-01 7.62246897e-01 7.62246897e-01
 7.65512737e-01 7.65512737e-01 7.66819073e-01 7.66819073e-01
 7.67472240e-01 7.67472240e-01 7.69431744e-01 7.69431744e-01
 7.73350751e-01 7.73350751e-01 7.79882430e-01 7.79882430e-01
 7.80535598e-01 7.80535598e-01 7.81188766e-01 7.81188766e-01
 7.81841933e-01 7.81841933e-01 7.82495101e-01 7.82495101e-01
 7.83148269e-01 7.83148269e-01 7.85107773e-01 7.85107773e-01
 7.90986283e-01 7.90986283e-01 7.92945787e-01 7.92945787e-01
 8.24297845e-01 8.24951012e-01 8.24951012e-01 8.25604180e-01
 8.25604180e-01 8.29523187e-01 8.29523187e-01 8.30829523e-01
 8.30829523e-01 8.31482691e-01 8.31482691e-01 8.32135859e-01
 8.32135859e-01 8.36054866e-01 8.36054866e-01 8.36708034e-01
 8.36708034e-01 8.38667538e-01 8.38667538e-01 8.39973873e-01
 8.39973873e-01 8.54343566e-01 8.54343566e-01 8.56303070e-01
 8.56303070e-01 8.57609406e-01 8.57609406e-01 8.60222077e-01
 8.60222077e-01 8.66753756e-01 8.66753756e-01 8.67406924e-01
 8.67406924e-01 8.72632266e-01 8.72632266e-01 8.73938602e-01
 8.73938602e-01 8.75898106e-01 8.75898106e-01 8.76551274e-01
 8.76551274e-01 8.77204442e-01 8.77204442e-01 9.46440235e-01
 9.46440235e-01 9.47746571e-01 9.47746571e-01 9.49052907e-01
 9.49052907e-01 9.52318746e-01 9.52318746e-01 9.54278250e-01
 9.54278250e-01 9.56890921e-01 9.56890921e-01 9.60809928e-01
 9.60809928e-01 9.62769432e-01 9.62769432e-01 9.63422600e-01
 9.63422600e-01 9.67341607e-01 9.67341607e-01 9.69301110e-01
 9.86283475e-01 9.86283475e-01 9.88242978e-01 9.88242978e-01
 9.90855650e-01 9.90855650e-01 9.91508818e-01 9.92161986e-01
 9.92161986e-01 9.92815153e-01 9.92815153e-01 9.93468321e-01
 9.93468321e-01 9.98693664e-01 1.00000000e+00]","[0.         0.         0.00689655 0.01034483 0.01034483 0.0137931
 0.0137931  0.01724138 0.02241379 0.02241379 0.02413793 0.02413793
 0.03103448 0.03103448 0.03275862 0.03275862 0.04137931 0.04310345
 0.04310345 0.04482759 0.04482759 0.04655172 0.04655172 0.04827586
 0.04827586 0.05       0.05       0.05172414 0.05689655 0.05689655
 0.05862069 0.05862069 0.06034483 0.06034483 0.06206897 0.06206897
 0.06551724 0.06551724 0.06724138 0.07068966 0.07068966 0.07241379
 0.07241379 0.07586207 0.07586207 0.07758621 0.07758621 0.08103448
 0.08103448 0.08275862 0.08275862 0.0862069  0.0862069  0.08793103
 0.08793103 0.08965517 0.08965517 0.09137931 0.09137931 0.09310345
 0.1        0.1        0.10517241 0.10689655 0.11206897 0.11206897
 0.11551724 0.11551724 0.1362069  0.1362069  0.13965517 0.14655172
 0.15       0.15       0.15172414 0.15172414 0.15517241 0.15517241
 0.15862069 0.15862069 0.16206897 0.16206897 0.17413793 0.18448276
 0.1862069  0.1862069  0.18965517 0.18965517 0.19310345 0.19310345
 0.19482759 0.19482759 0.19655172 0.19655172 0.19827586 0.19827586
 0.2        0.2        0.20172414 0.20172414 0.20344828 0.20344828
 0.20517241 0.20517241 0.20862069 0.20862069 0.21034483 0.21034483
 0.2137931  0.2137931  0.21724138 0.21724138 0.22068966 0.22068966
 0.22241379 0.22241379 0.22586207 0.22586207 0.22758621 0.22758621
 0.22931034 0.22931034 0.23103448 0.23103448 0.23275862 0.23275862
 0.23448276 0.23448276 0.2362069  0.2362069  0.23965517 0.23965517
 0.24482759 0.24482759 0.24827586 0.24827586 0.25       0.25
 0.25172414 0.25172414 0.25344828 0.25344828 0.25517241 0.25517241
 0.26034483 0.2637931  0.2637931  0.26724138 0.26724138 0.27241379
 0.27241379 0.27413793 0.27413793 0.27586207 0.27586207 0.27931034
 0.27931034 0.28103448 0.28103448 0.28275862 0.28275862 0.28448276
 0.28448276 0.30344828 0.30344828 0.30517241 0.30517241 0.30689655
 0.30689655 0.30862069 0.30862069 0.31034483 0.31034483 0.31206897
 0.31206897 0.31551724 0.31551724 0.31724138 0.31724138 0.31896552
 0.31896552 0.32068966 0.32068966 0.32241379 0.32241379 0.32758621
 0.32758621 0.32758621 0.32758621 0.32758621 0.32758621 0.32931034
 0.32931034 0.32931034 0.32931034 0.33103448 0.33103448 0.33103448
 0.33103448 0.33275862 0.33275862 0.33448276 0.33448276 0.33793103
 0.33793103 0.33965517 0.33965517 0.34310345 0.34310345 0.34482759
 0.34482759 0.34655172 0.34655172 0.35       0.35       0.35172414
 0.35172414 0.35344828 0.35344828 0.35689655 0.35689655 0.35862069
 0.35862069 0.36034483 0.36034483 0.3637931  0.3637931  0.36551724
 0.36551724 0.36724138 0.36724138 0.37068966 0.37068966 0.37241379
 0.37241379 0.37413793 0.37413793 0.38448276 0.38448276 0.3862069
 0.3862069  0.38793103 0.38793103 0.39137931 0.39137931 0.39310345
 0.39310345 0.39482759 0.39482759 0.39655172 0.39655172 0.40517241
 0.40517241 0.40862069 0.40862069 0.41034483 0.41034483 0.4137931
 0.4137931  0.41551724 0.41551724 0.41724138 0.41724138 0.41896552
 0.41896552 0.42068966 0.42068966 0.42241379 0.42241379 0.42758621
 0.42758621 0.42931034 0.42931034 0.46551724 0.46551724 0.47068966
 0.47068966 0.47413793 0.47413793 0.47586207 0.47586207 0.47758621
 0.47758621 0.48103448 0.48103448 0.48275862 0.48275862 0.48448276
 0.48448276 0.4862069  0.4862069  0.48793103 0.48793103 0.48965517
 0.48965517 0.49137931 0.49137931 0.49310345 0.49310345 0.49655172
 0.49655172 0.49827586 0.49827586 0.5        0.5        0.50172414
 0.50172414 0.50344828 0.50344828 0.50517241 0.50517241 0.50689655
 0.50689655 0.51034483 0.51034483 0.51206897 0.51206897 0.51551724
 0.51551724 0.51724138 0.51724138 0.51896552 0.53275862 0.53275862
 0.53448276 0.53448276 0.53793103 0.53793103 0.53965517 0.53965517
 0.54137931 0.54310345 0.54310345 0.54655172 0.54655172 0.55172414
 0.55172414 0.55344828 0.55344828 0.55517241 0.55517241 0.55689655
 0.55689655 0.56206897 0.56206897 0.5637931  0.56551724 0.56551724
 0.56724138 0.56724138 0.56896552 0.56896552 0.57068966 0.57068966
 0.57241379 0.57241379 0.57413793 0.57413793 0.57586207 0.57586207
 0.57758621 0.57758621 0.58103448 0.58103448 0.58275862 0.58275862
 0.58448276 0.58448276 0.59137931 0.59137931 0.59310345 0.59310345
 0.59655172 0.59655172 0.59827586 0.59827586 0.6        0.6
 0.60344828 0.60344828 0.61034483 0.61034483 0.61206897 0.61206897
 0.6137931  0.6137931  0.61551724 0.61551724 0.61724138 0.61724138
 0.61896552 0.61896552 0.62068966 0.62068966 0.62413793 0.62413793
 0.62586207 0.62586207 0.62931034 0.62931034 0.63103448 0.63103448
 0.6362069  0.6362069  0.63793103 0.63793103 0.63965517 0.63965517
 0.64137931 0.71034483 0.71034483 0.71206897 0.71206897 0.7137931
 0.7137931  0.71551724 0.71551724 0.71724138 0.71724138 0.71896552
 0.71896552 0.72068966 0.72068966 0.72241379 0.72241379 0.72413793
 0.72413793 0.72586207 0.72586207 0.72758621 0.72758621 0.72931034
 0.72931034 0.73103448 0.73103448 0.73275862 0.73275862 0.7362069
 0.7362069  0.75517241 0.75517241 0.75689655 0.75689655 0.75862069
 0.75862069 0.76206897 0.76206897 0.7637931  0.7637931  0.76896552
 0.76896552 0.77241379 0.77241379 0.77413793 0.77413793 0.77931034
 0.77931034 0.78103448 0.78103448 0.78793103 0.78793103 0.78965517
 0.78965517 0.79310345 0.79310345 0.79827586 0.79827586 0.80172414
 0.80172414 0.80344828 0.80344828 0.80689655 0.80689655 0.81034483
 0.81034483 0.81206897 0.81206897 0.8137931  0.8137931  0.81896552
 0.81896552 0.82068966 0.82068966 0.82241379 0.82241379 0.82586207
 0.82586207 0.83103448 0.83103448 0.83275862 0.83275862 0.83448276
 0.83448276 0.83793103 0.83793103 0.83965517 0.85862069 0.85862069
 0.86034483 0.86034483 0.8637931  0.8637931  0.86724138 0.86724138
 0.86896552 0.86896552 0.87241379 0.87241379 0.87931034 0.87931034
 0.88103448 0.88103448 0.88448276 0.88448276 0.8862069  0.8862069
 0.88793103 0.88793103 0.88965517 0.88965517 0.89137931 0.89137931
 0.89310345 0.89310345 0.89655172 0.89655172 0.89827586 0.89827586
 0.9        0.9        0.90172414 0.90172414 0.90344828 0.90344828
 0.90517241 0.90517241 0.90689655 0.90689655 0.90862069 0.94655172
 0.95344828 0.95344828 0.95517241 0.95517241 0.95862069 0.95862069
 0.96034483 0.96034483 0.96206897 0.96206897 0.96724138 0.96724138
 0.96896552 0.96896552 0.97068966 0.97068966 0.97413793 0.97413793
 0.97586207 0.97586207 0.98275862 0.9862069  0.9862069  0.98793103
 0.98793103 0.99137931 0.99310345 0.99310345 0.99482759 0.99482759
 0.99655172 0.99655172 0.99827586 1.         1.        ]"
Age,Obesity,0.6875706796446236,0.6634764905839668,0.7104099383804326,22.200779,22.200779,inf,720,419,280,692,0.3678665496049166,0.2880658436213992,0.7119341563786008,0.34406760677368425,1.4026926428714305e-55,"[0.00000000e+00 8.77963126e-04 4.38981563e-03 6.14574188e-03
 6.14574188e-03 8.77963126e-03 8.77963126e-03 1.05355575e-02
 1.31694469e-02 1.31694469e-02 1.40474100e-02 1.40474100e-02
 1.75592625e-02 1.75592625e-02 1.84372256e-02 1.84372256e-02
 2.28270413e-02 2.37050044e-02 2.37050044e-02 2.45829675e-02
 2.45829675e-02 2.54609306e-02 2.54609306e-02 2.63388938e-02
 2.63388938e-02 2.72168569e-02 2.72168569e-02 2.89727831e-02
 3.16066725e-02 3.16066725e-02 3.24846356e-02 3.24846356e-02
 3.33625988e-02 3.33625988e-02 3.42405619e-02 3.42405619e-02
 3.59964881e-02 3.59964881e-02 3.68744513e-02 4.21422300e-02
 4.21422300e-02 4.30201932e-02 4.30201932e-02 4.47761194e-02
 4.47761194e-02 4.56540825e-02 4.56540825e-02 4.74100088e-02
 4.74100088e-02 4.82879719e-02 4.82879719e-02 5.00438982e-02
 5.00438982e-02 5.09218613e-02 5.09218613e-02 5.17998244e-02
 5.17998244e-02 5.26777875e-02 5.26777875e-02 5.44337138e-02
 5.79455663e-02 5.79455663e-02 6.05794557e-02 6.23353819e-02
 6.76031607e-02 6.76031607e-02 7.81387182e-02 7.81387182e-02
 7.98946444e-02 8.42844601e-02 8.60403863e-02 8.60403863e-02
 8.69183494e-02 8.69183494e-02 8.86742757e-02 8.86742757e-02
 9.04302019e-02 9.04302019e-02 9.21861282e-02 9.21861282e-02
 9.83318701e-02 1.08867428e-01 1.09745391e-01 1.09745391e-01
 1.11501317e-01 1.11501317e-01 1.13257243e-01 1.13257243e-01
 1.15013169e-01 1.15013169e-01 1.15891133e-01 1.15891133e-01
 1.16769096e-01 1.17647059e-01 1.18525022e-01 1.18525022e-01
 1.19402985e-01 1.19402985e-01 1.20280948e-01 1.20280948e-01
 1.21158911e-01 1.21158911e-01 1.22914838e-01 1.22914838e-01
 1.23792801e-01 1.23792801e-01 1.25548727e-01 1.25548727e-01
 1.27304653e-01 1.27304653e-01 1.29060579e-01 1.29060579e-01
 1.29938543e-01 1.29938543e-01 1.33450395e-01 1.33450395e-01
 1.34328358e-01 1.34328358e-01 1.35206321e-01 1.35206321e-01
 1.36084284e-01 1.36084284e-01 1.36962248e-01 1.36962248e-01
 1.37840211e-01 1.37840211e-01 1.38718174e-01 1.38718174e-01
 1.40474100e-01 1.40474100e-01 1.44863916e-01 1.44863916e-01
 1.47497805e-01 1.47497805e-01 1.48375768e-01 1.48375768e-01
 1.49253731e-01 1.49253731e-01 1.50131694e-01 1.50131694e-01
 1.51009658e-01 1.51009658e-01 1.53643547e-01 1.58033363e-01
 1.58033363e-01 1.59789289e-01 1.59789289e-01 1.62423178e-01
 1.62423178e-01 1.63301141e-01 1.63301141e-01 1.64179104e-01
 1.64179104e-01 1.65935031e-01 1.65935031e-01 1.66812994e-01
 1.66812994e-01 1.67690957e-01 1.67690957e-01 1.68568920e-01
 1.68568920e-01 1.69446883e-01 1.81738367e-01 1.81738367e-01
 1.82616330e-01 1.82616330e-01 1.83494293e-01 1.83494293e-01
 1.84372256e-01 1.84372256e-01 1.85250219e-01 1.85250219e-01
 1.86128183e-01 1.86128183e-01 1.87884109e-01 1.87884109e-01
 1.88762072e-01 1.88762072e-01 1.89640035e-01 1.89640035e-01
 1.90517998e-01 1.90517998e-01 1.91395961e-01 1.91395961e-01
 2.02809482e-01 2.02809482e-01 2.02809482e-01 2.02809482e-01
 2.02809482e-01 2.02809482e-01 2.03687445e-01 2.03687445e-01
 2.03687445e-01 2.03687445e-01 2.04565408e-01 2.04565408e-01
 2.04565408e-01 2.04565408e-01 2.05443371e-01 2.05443371e-01
 2.06321335e-01 2.06321335e-01 2.08077261e-01 2.08077261e-01
 2.08955224e-01 2.08955224e-01 2.09833187e-01 2.09833187e-01
 2.11589113e-01 2.11589113e-01 2.12467076e-01 2.12467076e-01
 2.13345040e-01 2.13345040e-01 2.24758560e-01 2.24758560e-01
 2.25636523e-01 2.25636523e-01 2.26514486e-01 2.26514486e-01
 2.28270413e-01 2.28270413e-01 2.29148376e-01 2.29148376e-01
 2.30026339e-01 2.30026339e-01 2.31782265e-01 2.31782265e-01
 2.32660228e-01 2.32660228e-01 2.33538191e-01 2.33538191e-01
 2.34416155e-01 2.34416155e-01 2.36172081e-01 2.36172081e-01
 2.37050044e-01 2.37050044e-01 2.37928007e-01 2.37928007e-01
 2.52853380e-01 2.52853380e-01 2.53731343e-01 2.53731343e-01
 2.54609306e-01 2.54609306e-01 2.56365233e-01 2.56365233e-01
 2.57243196e-01 2.57243196e-01 2.58121159e-01 2.58121159e-01
 2.58999122e-01 2.58999122e-01 2.64266901e-01 2.64266901e-01
 2.66022827e-01 2.66022827e-01 2.67778753e-01 2.67778753e-01
 2.69534680e-01 2.69534680e-01 2.70412643e-01 2.70412643e-01
 2.71290606e-01 2.71290606e-01 2.72168569e-01 2.72168569e-01
 2.73046532e-01 2.73046532e-01 2.73924495e-01 2.73924495e-01
 2.76558385e-01 2.76558385e-01 2.77436348e-01 2.77436348e-01
 2.79192274e-01 3.31870061e-01 3.32748025e-01 3.32748025e-01
 3.37137840e-01 3.37137840e-01 3.38015803e-01 3.38015803e-01
 3.39771730e-01 3.39771730e-01 3.40649693e-01 3.40649693e-01
 3.42405619e-01 3.42405619e-01 3.43283582e-01 3.43283582e-01
 3.45917471e-01 3.45917471e-01 3.47673398e-01 3.47673398e-01
 3.48551361e-01 3.48551361e-01 3.49429324e-01 3.49429324e-01
 3.50307287e-01 3.50307287e-01 3.51185250e-01 3.51185250e-01
 3.52063213e-01 3.52063213e-01 3.53819140e-01 3.53819140e-01
 3.55575066e-01 3.55575066e-01 3.57330992e-01 3.57330992e-01
 3.58208955e-01 3.58208955e-01 3.59964881e-01 3.59964881e-01
 3.62598771e-01 3.62598771e-01 3.63476734e-01 3.63476734e-01
 3.64354697e-01 3.64354697e-01 3.66110623e-01 3.66110623e-01
 3.66988586e-01 3.66988586e-01 3.67866550e-01 3.67866550e-01
 3.69622476e-01 3.69622476e-01 3.72256365e-01 3.72256365e-01
 3.74012291e-01 3.74012291e-01 3.76646181e-01 3.76646181e-01
 3.77524144e-01 4.09130817e-01 4.13520632e-01 4.13520632e-01
 4.14398595e-01 4.14398595e-01 4.15276558e-01 4.17032485e-01
 4.17032485e-01 4.18788411e-01 4.18788411e-01 4.21422300e-01
 4.21422300e-01 4.22300263e-01 4.22300263e-01 4.23178227e-01
 4.23178227e-01 4.24934153e-01 4.24934153e-01 4.28446005e-01
 4.30201932e-01 4.31957858e-01 4.31957858e-01 4.33713784e-01
 4.33713784e-01 4.34591747e-01 4.34591747e-01 4.36347673e-01
 4.36347673e-01 4.37225637e-01 4.37225637e-01 4.38103600e-01
 4.38103600e-01 4.38981563e-01 4.38981563e-01 4.39859526e-01
 4.39859526e-01 4.41615452e-01 4.41615452e-01 4.42493415e-01
 4.42493415e-01 4.44249342e-01 4.44249342e-01 4.49517120e-01
 4.49517120e-01 4.50395083e-01 4.50395083e-01 4.52151010e-01
 4.52151010e-01 4.53906936e-01 4.53906936e-01 4.54784899e-01
 4.54784899e-01 4.55662862e-01 4.55662862e-01 4.56540825e-01
 4.56540825e-01 4.58296752e-01 4.58296752e-01 4.60052678e-01
 4.60052678e-01 4.63564530e-01 4.63564530e-01 4.66198420e-01
 4.66198420e-01 4.68832309e-01 4.68832309e-01 4.69710272e-01
 4.69710272e-01 4.70588235e-01 4.70588235e-01 4.72344162e-01
 4.72344162e-01 4.73222125e-01 4.73222125e-01 4.75856014e-01
 4.75856014e-01 4.76733977e-01 4.76733977e-01 4.79367867e-01
 4.79367867e-01 4.80245830e-01 4.80245830e-01 4.81123793e-01
 4.81123793e-01 4.82001756e-01 5.62774363e-01 5.62774363e-01
 5.63652327e-01 5.63652327e-01 5.64530290e-01 5.64530290e-01
 5.66286216e-01 5.66286216e-01 5.67164179e-01 5.67164179e-01
 5.68042142e-01 5.68042142e-01 5.68920105e-01 5.68920105e-01
 5.69798068e-01 5.69798068e-01 5.70676032e-01 5.70676032e-01
 5.71553995e-01 5.71553995e-01 5.72431958e-01 5.72431958e-01
 5.73309921e-01 5.73309921e-01 5.74187884e-01 5.74187884e-01
 5.75065847e-01 5.75065847e-01 5.76821773e-01 5.76821773e-01
 5.78577700e-01 5.78577700e-01 5.79455663e-01 5.79455663e-01
 5.82089552e-01 5.82089552e-01 5.82967515e-01 5.82967515e-01
 5.83845478e-01 5.83845478e-01 5.89991220e-01 5.89991220e-01
 5.90869183e-01 5.90869183e-01 5.91747147e-01 5.91747147e-01
 6.31255487e-01 6.32133450e-01 6.32133450e-01 6.42669008e-01
 6.42669008e-01 6.43546971e-01 6.43546971e-01 6.46180860e-01
 6.46180860e-01 6.52326602e-01 6.52326602e-01 6.60228270e-01
 6.60228270e-01 6.77787533e-01 6.77787533e-01 6.82177349e-01
 6.82177349e-01 6.83933275e-01 6.83933275e-01 6.84811238e-01
 6.84811238e-01 6.88323090e-01 6.88323090e-01 6.94468832e-01
 6.94468832e-01 6.96224759e-01 6.96224759e-01 7.02370500e-01
 7.02370500e-01 7.04126427e-01 7.04126427e-01 7.08516242e-01
 7.08516242e-01 7.15539947e-01 7.15539947e-01 7.18173837e-01
 7.18173837e-01 7.20807726e-01 7.69973661e-01 7.71729587e-01
 7.71729587e-01 7.73485514e-01 7.73485514e-01 7.75241440e-01
 7.75241440e-01 7.76997366e-01 7.76997366e-01 7.81387182e-01
 7.81387182e-01 7.85776997e-01 7.85776997e-01 7.86654960e-01
 7.86654960e-01 7.87532924e-01 7.87532924e-01 7.90166813e-01
 7.90166813e-01 7.91044776e-01 7.91044776e-01 7.94556629e-01
 7.94556629e-01 7.97190518e-01 7.97190518e-01 7.98946444e-01
 7.98946444e-01 8.00702371e-01 8.00702371e-01 8.01580334e-01
 8.01580334e-01 8.02458297e-01 8.02458297e-01 8.06848112e-01
 8.06848112e-01 8.07726076e-01 8.07726076e-01 8.08604039e-01
 8.08604039e-01 8.10359965e-01 8.10359965e-01 8.11237928e-01
 8.11237928e-01 8.12993854e-01 8.12993854e-01 8.13871817e-01
 8.13871817e-01 8.14749781e-01 8.14749781e-01 8.15627744e-01
 8.15627744e-01 8.16505707e-01 8.16505707e-01 8.19139596e-01
 8.19139596e-01 8.20895522e-01 8.20895522e-01 8.23529412e-01
 9.07813872e-01 9.22739245e-01 9.22739245e-01 9.31518876e-01
 9.31518876e-01 9.44688323e-01 9.44688323e-01 9.46444249e-01
 9.46444249e-01 9.49956102e-01 9.75417032e-01 9.78050922e-01
 9.78050922e-01 9.85074627e-01 9.86830553e-01 9.90342406e-01
 9.90342406e-01 9.91220369e-01 9.99122037e-01 9.99122037e-01
 1.00000000e+00]","[0.         0.         0.         0.         0.00102881 0.00102881
 0.00205761 0.00205761 0.00205761 0.00925926 0.00925926 0.01234568
 0.01234568 0.01440329 0.02057613 0.03703704 0.03806584 0.03806584
 0.04320988 0.04320988 0.04423868 0.04423868 0.04526749 0.04526749
 0.0462963  0.0462963  0.05041152 0.05144033 0.05144033 0.05246914
 0.05246914 0.05452675 0.05452675 0.05967078 0.05967078 0.0617284
 0.0617284  0.06687243 0.06687243 0.06790123 0.07613169 0.07613169
 0.08333333 0.08333333 0.08436214 0.08436214 0.08641975 0.08641975
 0.08744856 0.08744856 0.09156379 0.09259259 0.0936214  0.0936214
 0.09670782 0.09670782 0.09773663 0.09773663 0.09876543 0.09979424
 0.09979424 0.10185185 0.10185185 0.10288066 0.10288066 0.10390947
 0.10390947 0.10596708 0.10596708 0.10596708 0.10596708 0.10802469
 0.10802469 0.1090535  0.1090535  0.11111111 0.11111111 0.11213992
 0.11213992 0.11316872 0.11316872 0.11419753 0.11419753 0.11625514
 0.11625514 0.11728395 0.11728395 0.11831276 0.11831276 0.11934156
 0.11934156 0.12037037 0.12037037 0.12242798 0.12242798 0.12345679
 0.12345679 0.12962963 0.12962963 0.13271605 0.13271605 0.13477366
 0.13477366 0.13580247 0.13580247 0.13683128 0.13683128 0.14300412
 0.14300412 0.14403292 0.14403292 0.14917695 0.14917695 0.15123457
 0.15123457 0.15329218 0.15329218 0.16358025 0.16358025 0.17078189
 0.17078189 0.18004115 0.18004115 0.19032922 0.19032922 0.19341564
 0.19341564 0.19855967 0.19855967 0.20164609 0.20473251 0.20576132
 0.20576132 0.21193416 0.21193416 0.21399177 0.21399177 0.22222222
 0.22222222 0.22633745 0.22633745 0.22736626 0.22736626 0.23353909
 0.23559671 0.23559671 0.23662551 0.23662551 0.23971193 0.23971193
 0.24382716 0.24382716 0.24691358 0.24691358 0.25102881 0.25102881
 0.25205761 0.25205761 0.25823045 0.25823045 0.26028807 0.26028807
 0.26028807 0.26646091 0.26646091 0.26851852 0.26851852 0.27057613
 0.27057613 0.27160494 0.27160494 0.27366255 0.27366255 0.27572016
 0.27572016 0.27674897 0.27674897 0.27777778 0.27777778 0.2808642
 0.2808642  0.28292181 0.28292181 0.28806584 0.37860082 0.4218107
 0.42386831 0.43415638 0.43621399 0.44547325 0.44547325 0.44753086
 0.45884774 0.46090535 0.46090535 0.46707819 0.4691358  0.48045267
 0.48045267 0.48148148 0.48148148 0.48251029 0.48251029 0.48559671
 0.48559671 0.49279835 0.49279835 0.49588477 0.49588477 0.50411523
 0.50411523 0.51028807 0.51028807 0.51337449 0.51646091 0.51954733
 0.51954733 0.52263374 0.52263374 0.52572016 0.52572016 0.53806584
 0.53806584 0.54115226 0.54115226 0.54218107 0.54218107 0.54423868
 0.54423868 0.54938272 0.54938272 0.55349794 0.55349794 0.55555556
 0.55555556 0.55761317 0.55761317 0.5617284  0.5617284  0.56893004
 0.56995885 0.57201646 0.57201646 0.57407407 0.57407407 0.57716049
 0.57716049 0.5781893  0.5781893  0.58127572 0.58127572 0.58230453
 0.58230453 0.58744856 0.58744856 0.59053498 0.59053498 0.59259259
 0.59259259 0.59670782 0.59670782 0.59979424 0.59979424 0.60288066
 0.60288066 0.60390947 0.60390947 0.60699588 0.60699588 0.60802469
 0.60802469 0.6090535  0.6090535  0.61111111 0.61111111 0.61522634
 0.61522634 0.64506173 0.64506173 0.64609053 0.64609053 0.65123457
 0.65123457 0.65329218 0.65329218 0.65432099 0.65432099 0.65534979
 0.65534979 0.66152263 0.66152263 0.66358025 0.66358025 0.66563786
 0.66563786 0.67283951 0.67283951 0.67386831 0.67386831 0.67901235
 0.67901235 0.68106996 0.68106996 0.68209877 0.68209877 0.68415638
 0.68415638 0.68930041 0.68930041 0.69238683 0.69238683 0.69341564
 0.69341564 0.69650206 0.69650206 0.70164609 0.70164609 0.7026749
 0.7026749  0.70679012 0.70679012 0.70781893 0.70781893 0.70987654
 0.70987654 0.71090535 0.71090535 0.71193416 0.71193416 0.71296296
 0.71296296 0.71502058 0.71502058 0.71604938 0.71604938 0.71707819
 0.71707819 0.72016461 0.72016461 0.72222222 0.72222222 0.72325103
 0.72325103 0.72325103 0.72427984 0.72427984 0.72530864 0.72530864
 0.72839506 0.72839506 0.73148148 0.73148148 0.73353909 0.73353909
 0.7345679  0.7345679  0.7345679  0.7345679  0.73559671 0.73559671
 0.74074074 0.74074074 0.74382716 0.74382716 0.74485597 0.74485597
 0.74794239 0.74794239 0.75308642 0.75308642 0.75617284 0.75617284
 0.75925926 0.75925926 0.76131687 0.76131687 0.7654321  0.7654321
 0.76851852 0.76851852 0.77057613 0.77057613 0.77366255 0.77366255
 0.77469136 0.77469136 0.77777778 0.77777778 0.77983539 0.77983539
 0.78292181 0.78292181 0.78600823 0.78600823 0.79115226 0.79115226
 0.79218107 0.79218107 0.79423868 0.79423868 0.7962963  0.7962963
 0.7973251  0.7973251  0.79835391 0.79835391 0.80144033 0.80144033
 0.80246914 0.80246914 0.80349794 0.80349794 0.80555556 0.80555556
 0.80761317 0.80761317 0.81069959 0.81069959 0.8117284  0.8117284
 0.81481481 0.81481481 0.81893004 0.82098765 0.82098765 0.82201646
 0.82201646 0.82510288 0.82510288 0.83230453 0.83230453 0.83333333
 0.83333333 0.83539095 0.83539095 0.83641975 0.83641975 0.83744856
 0.83744856 0.84259259 0.84259259 0.8436214  0.8436214  0.84465021
 0.84465021 0.84670782 0.84670782 0.84773663 0.84773663 0.85185185
 0.85185185 0.85493827 0.85493827 0.85699588 0.85699588 0.85802469
 0.85802469 0.8590535  0.8590535  0.86111111 0.86111111 0.86419753
 0.86419753 0.86831276 0.86831276 0.86934156 0.86934156 0.87654321
 0.87962963 0.87962963 0.88065844 0.88065844 0.88168724 0.88168724
 0.88271605 0.88271605 0.88374486 0.88374486 0.88477366 0.88477366
 0.88580247 0.88580247 0.8899177  0.8899177  0.8909465  0.8909465
 0.89197531 0.89197531 0.89300412 0.89300412 0.89506173 0.89506173
 0.89711934 0.89711934 0.89814815 0.89814815 0.89917695 0.89917695
 0.90020576 0.90020576 0.90123457 0.90123457 0.90432099 0.90432099
 0.90534979 0.90534979 0.90843621 0.90843621 0.90946502 0.90946502
 0.91152263 0.91152263 0.91358025 0.91358025 0.91460905 0.91460905
 0.91563786 0.91563786 0.91769547 0.91769547 0.91975309 0.91975309
 0.92078189 0.92078189 0.92283951 0.92283951 0.92386831 0.92386831
 0.92489712 0.92489712 0.92592593 0.92592593 0.92695473 0.92695473
 0.92798354 0.92798354 0.92901235 0.92901235 0.93518519 0.93518519
 0.9372428  0.9372428  0.93930041 0.93930041 0.94032922 0.94032922
 0.94444444 0.94444444 0.94855967 0.94855967 0.94958848 0.94958848
 0.9526749  0.9526749  0.95473251 0.95473251 0.95576132 0.95576132
 0.95679012 0.95679012 0.95781893 0.95781893 0.95884774 0.95884774
 0.99176955 0.99176955 0.99279835 0.99279835 0.99382716 0.99382716
 0.99485597 0.99485597 0.99588477 0.99588477 0.99691358 0.99691358
 0.99794239 0.99794239 0.99794239 0.99794239 0.99897119 0.99897119
 0.99897119 1.         1.        ]"
Height,Insufficient,0.46895291558711577,0.43306867514155906,0.5044225252224023,1.686936,-inf,1.686936,809,1030,108,164,0.5600870038064165,0.39705882352941174,0.6029411764705883,0.14437793877746857,8.91426210553144e-05,"[0.00000000e+00 5.43773790e-04 3.26264274e-03 4.35019032e-03
 1.35943448e-02 1.46818923e-02 1.52256661e-02 1.52256661e-02
 1.57694399e-02 1.68569875e-02 1.90320827e-02 1.90320827e-02
 2.01196302e-02 2.17509516e-02 2.82762371e-02 3.09951060e-02
 3.15388798e-02 3.15388798e-02 4.18705818e-02 4.18705818e-02
 4.51332246e-02 4.51332246e-02 4.56769984e-02 4.56769984e-02
 4.67645459e-02 4.67645459e-02 5.32898314e-02 6.03588907e-02
 6.03588907e-02 6.14464383e-02 6.14464383e-02 6.19902121e-02
 6.19902121e-02 6.68841762e-02 6.68841762e-02 6.85154976e-02
 6.85154976e-02 6.90592713e-02 7.12343665e-02 7.55845568e-02
 7.61283306e-02 7.77596520e-02 7.77596520e-02 8.10222947e-02
 8.10222947e-02 8.31973899e-02 8.31973899e-02 8.80913540e-02
 9.08102229e-02 9.08102229e-02 9.46166395e-02 9.57041871e-02
 9.62479608e-02 9.62479608e-02 9.67917346e-02 9.67917346e-02
 9.78792822e-02 9.78792822e-02 1.00598151e-01 1.00598151e-01
 1.01141925e-01 1.01141925e-01 1.03317020e-01 1.07123437e-01
 1.09298532e-01 1.09298532e-01 1.12017401e-01 1.12017401e-01
 1.26699293e-01 1.26699293e-01 1.29418162e-01 1.30505710e-01
 1.31049483e-01 1.31049483e-01 1.37574769e-01 1.37574769e-01
 1.48450245e-01 1.49537792e-01 1.50081566e-01 1.64219685e-01
 1.66394780e-01 1.66394780e-01 1.70744970e-01 1.70744970e-01
 1.72920065e-01 1.72920065e-01 1.83251767e-01 1.85426862e-01
 1.89777053e-01 1.89777053e-01 1.91408374e-01 1.91408374e-01
 1.93583469e-01 1.93583469e-01 1.95214791e-01 1.95214791e-01
 2.07177814e-01 2.07177814e-01 2.10440457e-01 2.10440457e-01
 2.16421968e-01 2.24578575e-01 2.28384992e-01 2.28384992e-01
 2.29472539e-01 2.29472539e-01 2.36541599e-01 2.37629146e-01
 2.43610658e-01 2.43610658e-01 2.46873301e-01 2.46873301e-01
 2.48504622e-01 2.52311039e-01 2.56117455e-01 2.56117455e-01
 2.57748777e-01 2.57748777e-01 2.58292550e-01 2.58292550e-01
 2.60467645e-01 2.60467645e-01 2.71343121e-01 2.71343121e-01
 2.76780859e-01 2.76780859e-01 2.79499728e-01 2.79499728e-01
 2.80587276e-01 2.87112561e-01 2.87112561e-01 2.88743883e-01
 2.88743883e-01 2.99075585e-01 2.99075585e-01 3.01794454e-01
 3.01794454e-01 3.03969549e-01 3.03969549e-01 3.04513322e-01
 3.04513322e-01 3.05600870e-01 3.06688418e-01 3.07775965e-01
 3.07775965e-01 3.08319739e-01 3.08319739e-01 3.18651441e-01
 3.18651441e-01 3.20282762e-01 3.20282762e-01 3.23545405e-01
 3.23545405e-01 3.27351822e-01 3.27351822e-01 3.33877107e-01
 3.34964655e-01 3.36052202e-01 3.56171833e-01 3.59978249e-01
 3.59978249e-01 3.75203915e-01 3.75203915e-01 3.76291463e-01
 3.76291463e-01 3.82272974e-01 3.82272974e-01 3.84448070e-01
 3.84448070e-01 3.92060903e-01 3.94235998e-01 3.94235998e-01
 3.95867319e-01 3.95867319e-01 3.98042414e-01 3.98042414e-01
 4.03480152e-01 4.03480152e-01 4.05111474e-01 4.06199021e-01
 4.06742795e-01 4.06742795e-01 4.07830343e-01 4.07830343e-01
 4.09461664e-01 4.09461664e-01 4.11092985e-01 4.11092985e-01
 4.14899402e-01 4.15986949e-01 4.18705818e-01 4.18705818e-01
 4.21968461e-01 4.21968461e-01 4.25231104e-01 4.25231104e-01
 4.27406199e-01 4.27406199e-01 4.28493747e-01 4.29037520e-01
 4.31212616e-01 4.31212616e-01 4.31756389e-01 4.41000544e-01
 4.42088091e-01 4.42088091e-01 4.45894508e-01 4.45894508e-01
 4.48069603e-01 4.48069603e-01 4.49157151e-01 4.49157151e-01
 4.51332246e-01 4.51332246e-01 4.55138662e-01 4.55138662e-01
 4.58401305e-01 4.58401305e-01 4.58945079e-01 4.58945079e-01
 4.61663948e-01 4.61663948e-01 4.62207722e-01 4.62207722e-01
 4.63839043e-01 4.63839043e-01 4.64382817e-01 4.64382817e-01
 4.65470364e-01 4.65470364e-01 4.66014138e-01 4.66014138e-01
 4.69820555e-01 4.74170745e-01 4.74170745e-01 4.74714519e-01
 4.74714519e-01 4.77433388e-01 4.77433388e-01 4.79064709e-01
 4.79064709e-01 4.85589995e-01 4.85589995e-01 4.87221316e-01
 4.87221316e-01 4.92115280e-01 4.92115280e-01 4.95377923e-01
 4.95377923e-01 4.99728113e-01 4.99728113e-01 5.00815661e-01
 5.28548124e-01 5.29091898e-01 5.29091898e-01 5.30723219e-01
 5.30723219e-01 5.31266993e-01 5.31266993e-01 5.32354541e-01
 5.32354541e-01 5.34529636e-01 5.35617183e-01 5.44861338e-01
 5.44861338e-01 5.49755302e-01 5.49755302e-01 5.51930397e-01
 5.57368135e-01 5.57368135e-01 5.58455682e-01 5.58455682e-01
 5.59543230e-01 5.59543230e-01 5.60087004e-01 5.60087004e-01
 5.78575313e-01 5.85100598e-01 5.92169657e-01 5.92169657e-01
 5.95432300e-01 5.95432300e-01 5.95976074e-01 5.95976074e-01
 6.03045133e-01 6.03045133e-01 6.03588907e-01 6.03588907e-01
 6.05220228e-01 6.05220228e-01 6.06307776e-01 6.13920609e-01
 6.22077216e-01 6.22077216e-01 6.22620990e-01 6.22620990e-01
 6.23708537e-01 6.23708537e-01 6.33496465e-01 6.33496465e-01
 6.35127787e-01 6.35127787e-01 6.36215334e-01 6.36215334e-01
 6.37302882e-01 6.37302882e-01 6.37846656e-01 6.45459489e-01
 6.55791191e-01 6.55791191e-01 6.60141381e-01 6.60141381e-01
 6.66666667e-01 6.93311582e-01 6.97661773e-01 6.97661773e-01
 6.99836868e-01 6.99836868e-01 7.18868951e-01 7.18868951e-01
 7.19956498e-01 7.19956498e-01 7.22675367e-01 7.27569331e-01
 7.41163676e-01 7.41163676e-01 7.48776509e-01 7.48776509e-01
 7.49320283e-01 7.58020663e-01 7.94997281e-01 8.14029364e-01
 8.36324089e-01 8.36324089e-01 8.41218053e-01 8.45568244e-01
 8.45568244e-01 8.56443719e-01 8.56443719e-01 8.60250136e-01
 8.60250136e-01 8.60793910e-01 8.61881457e-01 8.61881457e-01
 8.64056552e-01 8.64056552e-01 8.66775421e-01 8.66775421e-01
 8.67319195e-01 8.89070147e-01 8.90701468e-01 8.90701468e-01
 8.91245242e-01 8.91245242e-01 8.92332790e-01 8.92332790e-01
 8.93964111e-01 8.93964111e-01 8.95051659e-01 8.95051659e-01
 8.95595432e-01 8.95595432e-01 8.98858075e-01 8.98858075e-01
 9.01576944e-01 9.01576944e-01 9.02120718e-01 9.02120718e-01
 9.03208265e-01 9.03208265e-01 9.03752039e-01 9.03752039e-01
 9.08102229e-01 9.08102229e-01 9.09189777e-01 9.14083741e-01
 9.14627515e-01 9.14627515e-01 9.16258836e-01 9.16258836e-01
 9.16802610e-01 9.16802610e-01 9.18433931e-01 9.22240348e-01
 9.22784122e-01 9.22784122e-01 9.24959217e-01 9.24959217e-01
 9.27678086e-01 9.27678086e-01 9.28765633e-01 9.28765633e-01
 9.33659598e-01 9.41272431e-01 9.41272431e-01 9.41816204e-01
 9.41816204e-01 9.44535073e-01 9.44535073e-01 9.45078847e-01
 9.45078847e-01 9.45622621e-01 9.45622621e-01 9.48885264e-01
 9.48885264e-01 9.49972811e-01 9.57585644e-01 9.58673192e-01
 9.58673192e-01 9.60848287e-01 9.60848287e-01 9.61935835e-01
 9.61935835e-01 9.64110930e-01 9.64110930e-01 9.66829799e-01
 9.66829799e-01 9.67917346e-01 9.67917346e-01 9.70092442e-01
 9.70092442e-01 9.70636215e-01 9.73355084e-01 9.73898858e-01
 9.73898858e-01 9.74986406e-01 9.74986406e-01 9.75530179e-01
 9.75530179e-01 9.76073953e-01 9.76073953e-01 9.76617727e-01
 9.76617727e-01 9.77161501e-01 9.77161501e-01 9.77705275e-01
 9.80967917e-01 9.82055465e-01 9.88036977e-01 9.95106036e-01
 1.00000000e+00]","[0.         0.         0.         0.         0.         0.00367647
 0.00367647 0.00735294 0.00735294 0.01102941 0.01102941 0.01838235
 0.01838235 0.01838235 0.01838235 0.01838235 0.01838235 0.02573529
 0.02573529 0.03308824 0.03308824 0.04411765 0.04411765 0.04779412
 0.04779412 0.05147059 0.05514706 0.05514706 0.05882353 0.05882353
 0.0625     0.0625     0.06617647 0.06617647 0.06985294 0.06985294
 0.07352941 0.07352941 0.08088235 0.08088235 0.08455882 0.08455882
 0.08823529 0.08823529 0.09191176 0.09191176 0.09558824 0.09558824
 0.09558824 0.09926471 0.09926471 0.09926471 0.09926471 0.10294118
 0.10294118 0.10661765 0.10661765 0.11029412 0.11029412 0.11397059
 0.11397059 0.11764706 0.11764706 0.11764706 0.11764706 0.12132353
 0.12132353 0.125      0.125      0.12867647 0.12867647 0.12867647
 0.12867647 0.13235294 0.13235294 0.13602941 0.13602941 0.13602941
 0.13602941 0.14338235 0.14338235 0.14705882 0.14705882 0.15073529
 0.15073529 0.15441176 0.15441176 0.16176471 0.16176471 0.16544118
 0.16544118 0.16911765 0.16911765 0.17279412 0.17279412 0.18014706
 0.18014706 0.18382353 0.18382353 0.1875     0.1875     0.1875
 0.1875     0.19117647 0.19117647 0.19852941 0.19852941 0.19852941
 0.19852941 0.20220588 0.20220588 0.20588235 0.20588235 0.20588235
 0.20588235 0.21323529 0.21323529 0.21691176 0.21691176 0.22426471
 0.22426471 0.22794118 0.22794118 0.23161765 0.23161765 0.23529412
 0.23529412 0.23897059 0.23897059 0.24264706 0.24632353 0.24632353
 0.25       0.25       0.25367647 0.25367647 0.25735294 0.25735294
 0.26470588 0.26470588 0.26838235 0.26838235 0.26838235 0.26838235
 0.27205882 0.27205882 0.27573529 0.27573529 0.27941176 0.27941176
 0.29044118 0.29044118 0.29411765 0.29411765 0.29779412 0.29779412
 0.29779412 0.29779412 0.30514706 0.30514706 0.30882353 0.30882353
 0.3125     0.3125     0.31985294 0.31985294 0.32352941 0.32352941
 0.33088235 0.33455882 0.33455882 0.34191176 0.34191176 0.34558824
 0.34558824 0.34926471 0.34926471 0.35294118 0.35294118 0.35294118
 0.35294118 0.35661765 0.35661765 0.36029412 0.36029412 0.36764706
 0.36764706 0.37132353 0.37132353 0.37132353 0.37132353 0.375
 0.375      0.37867647 0.37867647 0.38235294 0.38235294 0.39338235
 0.39338235 0.39705882 0.39705882 0.40073529 0.40073529 0.40808824
 0.40808824 0.41176471 0.41176471 0.41544118 0.41544118 0.41911765
 0.41911765 0.42647059 0.42647059 0.43014706 0.43014706 0.43382353
 0.43382353 0.4375     0.4375     0.44117647 0.44117647 0.44485294
 0.44485294 0.44852941 0.44852941 0.45220588 0.45220588 0.46323529
 0.46323529 0.46691176 0.46691176 0.47426471 0.47794118 0.47794118
 0.48161765 0.48161765 0.48529412 0.48529412 0.48897059 0.48897059
 0.49264706 0.49264706 0.50367647 0.50367647 0.50735294 0.50735294
 0.51102941 0.51102941 0.51470588 0.51470588 0.51838235 0.51838235
 0.55147059 0.55147059 0.55514706 0.55514706 0.55882353 0.55882353
 0.56617647 0.56617647 0.56985294 0.56985294 0.56985294 0.56985294
 0.57352941 0.57352941 0.58455882 0.58455882 0.58455882 0.59191176
 0.59191176 0.59558824 0.59558824 0.59926471 0.59926471 0.60294118
 0.60294118 0.60661765 0.60661765 0.61029412 0.61029412 0.61397059
 0.61397059 0.61764706 0.61764706 0.62132353 0.62132353 0.625
 0.625      0.63235294 0.63235294 0.63970588 0.63970588 0.64338235
 0.64338235 0.64705882 0.64705882 0.65073529 0.65073529 0.65441176
 0.65441176 0.65808824 0.65808824 0.66176471 0.66176471 0.66544118
 0.66544118 0.66544118 0.66544118 0.66911765 0.66911765 0.67279412
 0.67279412 0.67647059 0.67647059 0.68014706 0.68014706 0.68382353
 0.68382353 0.6875     0.6875     0.69117647 0.69117647 0.69485294
 0.69485294 0.69852941 0.69852941 0.70220588 0.70220588 0.70588235
 0.70588235 0.70955882 0.70955882 0.71323529 0.71323529 0.71323529
 0.71691176 0.71691176 0.72058824 0.72058824 0.72426471 0.72426471
 0.72426471 0.72794118 0.72794118 0.73161765 0.73161765 0.73529412
 0.73529412 0.74632353 0.74632353 0.75367647 0.75367647 0.76102941
 0.76102941 0.77205882 0.77205882 0.77573529 0.77573529 0.77941176
 0.77941176 0.78308824 0.78676471 0.79044118 0.79044118 0.79411765
 0.79411765 0.80147059 0.80147059 0.80514706 0.80514706 0.8125
 0.8125     0.81617647 0.81617647 0.81617647 0.81617647 0.81985294
 0.81985294 0.83088235 0.83088235 0.83455882 0.83455882 0.83455882
 0.83455882 0.83823529 0.83823529 0.84191176 0.84191176 0.84558824
 0.84558824 0.85294118 0.85294118 0.85294118 0.85661765 0.85661765
 0.86029412 0.86029412 0.86397059 0.86397059 0.86764706 0.86764706
 0.875      0.875      0.87867647 0.87867647 0.87867647 0.87867647
 0.88235294 0.88235294 0.88602941 0.88602941 0.88970588 0.88970588
 0.89338235 0.90073529 0.91176471 0.91176471 0.92647059 0.92647059
 0.94117647 0.94117647 0.94485294 0.94485294 0.94852941 0.94852941
 0.95588235 0.95588235 0.95955882 0.95955882 0.96323529 0.96323529
 0.97058824 0.97058824 0.97794118 1.         1.         1.
 1.         1.         1.        ]"
Height,Normal,0.404410416284614,0.36859181793044177,0.4414480288588414,1.87,-inf,1.87,1772,52,277,10,0.02850877192982456,0.9651567944250871,0.03484320557491294,0.19914305581025735,4.3082398045750275e-09,"[0.00000000e+00 5.48245614e-04 3.28947368e-03 3.83771930e-03
 8.77192982e-03 8.77192982e-03 1.26096491e-02 1.37061404e-02
 1.53508772e-02 1.58991228e-02 2.02850877e-02 2.08333333e-02
 2.74122807e-02 2.85087719e-02 4.93421053e-02 5.31798246e-02
 7.18201754e-02 7.45614035e-02 7.89473684e-02 8.00438596e-02
 8.88157895e-02 9.10087719e-02 9.81359649e-02 9.92324561e-02
 1.09649123e-01 1.10745614e-01 1.34868421e-01 1.34868421e-01
 1.54057018e-01 1.55153509e-01 1.55701754e-01 1.62828947e-01
 1.83662281e-01 1.86403509e-01 2.21491228e-01 2.26425439e-01
 2.40131579e-01 2.41228070e-01 2.53289474e-01 2.55482456e-01
 2.88925439e-01 2.93311404e-01 3.15789474e-01 3.16885965e-01
 3.48684211e-01 3.49780702e-01 3.50877193e-01 3.64035088e-01
 3.96381579e-01 4.00219298e-01 4.16118421e-01 4.17214912e-01
 4.28728070e-01 4.29276316e-01 4.45175439e-01 4.46271930e-01
 4.49561404e-01 4.55043860e-01 4.90131579e-01 4.92872807e-01
 5.30153509e-01 5.50986842e-01 5.59758772e-01 5.60855263e-01
 5.79495614e-01 5.81140351e-01 6.05263158e-01 6.08004386e-01
 6.33223684e-01 6.37609649e-01 6.65570175e-01 6.66118421e-01
 6.88596491e-01 7.05043860e-01 7.36842105e-01 7.37938596e-01
 7.60964912e-01 7.64802632e-01 8.02083333e-01 8.15241228e-01
 8.43201754e-01 8.44298246e-01 8.61293860e-01 8.62390351e-01
 8.69517544e-01 8.79934211e-01 8.91995614e-01 8.92543860e-01
 9.07346491e-01 9.08991228e-01 9.16118421e-01 9.16118421e-01
 9.30372807e-01 9.32017544e-01 9.44627193e-01 9.47368421e-01
 9.56140351e-01 9.58333333e-01 9.68201754e-01 9.69846491e-01
 9.78618421e-01 9.81907895e-01 9.85197368e-01 9.85745614e-01
 9.91776316e-01 9.95065789e-01 1.00000000e+00]","[0.         0.         0.         0.00348432 0.00348432 0.00696864
 0.00696864 0.01045296 0.01045296 0.0174216  0.0174216  0.02439024
 0.02439024 0.03484321 0.03484321 0.05574913 0.05574913 0.05923345
 0.05923345 0.05923345 0.05923345 0.07665505 0.07665505 0.07665505
 0.07665505 0.09407666 0.09407666 0.1010453  0.1010453  0.1010453
 0.1010453  0.1533101  0.1533101  0.15679443 0.15679443 0.17770035
 0.17770035 0.17770035 0.17770035 0.18815331 0.18815331 0.20557491
 0.20557491 0.20557491 0.20557491 0.20557491 0.20557491 0.25783972
 0.25783972 0.28571429 0.28571429 0.28571429 0.28571429 0.28919861
 0.28919861 0.28919861 0.28919861 0.32055749 0.32055749 0.33101045
 0.33101045 0.40766551 0.40766551 0.40766551 0.40766551 0.43205575
 0.43205575 0.45993031 0.45993031 0.48780488 0.48780488 0.53310105
 0.53310105 0.60278746 0.60278746 0.63066202 0.63066202 0.66550523
 0.66550523 0.70731707 0.70731707 0.728223   0.728223   0.728223
 0.728223   0.81184669 0.81184669 0.83275261 0.83275261 0.85365854
 0.85365854 0.87804878 0.87804878 0.91637631 0.91637631 0.94773519
 0.94773519 0.95818815 0.95818815 0.96864111 0.96864111 0.97212544
 0.97212544 0.97560976 0.97560976 1.         1.        ]"
Height,Overweight,0.48022928444334334,0.45345424515941324,0.5054436917340561,1.672101,-inf,1.672101,622,909,210,370,0.5937295885042456,0.3620689655172414,0.6379310344827587,0.08882294646275816,0.0024238740131590263,"[0.00000000e+00 6.53167864e-04 3.91900718e-03 4.57217505e-03
 5.22534291e-03 5.22534291e-03 7.83801437e-03 7.83801437e-03
 1.37165251e-02 1.37165251e-02 1.50228609e-02 1.63291966e-02
 1.63291966e-02 1.82887002e-02 2.28608752e-02 2.28608752e-02
 2.41672110e-02 2.74330503e-02 2.74330503e-02 3.00457218e-02
 3.00457218e-02 3.06988896e-02 3.33115611e-02 3.91900718e-02
 3.91900718e-02 4.18027433e-02 4.18027433e-02 4.31090790e-02
 4.31090790e-02 4.37622469e-02 4.37622469e-02 4.57217505e-02
 4.57217505e-02 4.63749184e-02 4.63749184e-02 5.02939255e-02
 5.02939255e-02 5.16002613e-02 5.81319399e-02 6.13977792e-02
 6.13977792e-02 6.27041150e-02 6.27041150e-02 6.33572828e-02
 6.33572828e-02 7.05421293e-02 7.05421293e-02 7.38079686e-02
 7.38079686e-02 7.51143044e-02 7.77269758e-02 7.90333116e-02
 7.90333116e-02 7.96864794e-02 7.96864794e-02 8.09928152e-02
 8.16459830e-02 8.16459830e-02 8.22991509e-02 8.22991509e-02
 8.29523187e-02 8.29523187e-02 8.36054866e-02 8.36054866e-02
 8.62181581e-02 9.07903331e-02 9.60156760e-02 9.60156760e-02
 9.86283475e-02 9.99346832e-02 1.02547355e-01 1.02547355e-01
 1.03853690e-01 1.03853690e-01 1.05160026e-01 1.05160026e-01
 1.07772698e-01 1.07772698e-01 1.08425865e-01 1.12344873e-01
 1.14304376e-01 1.14304376e-01 1.16917048e-01 1.16917048e-01
 1.18223383e-01 1.18223383e-01 1.18876551e-01 1.18876551e-01
 1.19529719e-01 1.19529719e-01 1.21489223e-01 1.21489223e-01
 1.22142391e-01 1.22142391e-01 1.23448726e-01 1.23448726e-01
 1.24755062e-01 1.24755062e-01 1.25408230e-01 1.25408230e-01
 1.26714566e-01 1.26714566e-01 1.29980405e-01 1.29980405e-01
 1.31286741e-01 1.31286741e-01 1.32593076e-01 1.33899412e-01
 1.33899412e-01 1.35205748e-01 1.35205748e-01 1.35858916e-01
 1.35858916e-01 1.37165251e-01 1.37165251e-01 1.37818419e-01
 1.37818419e-01 1.40431091e-01 1.40431091e-01 1.41737427e-01
 1.41737427e-01 1.45003266e-01 1.45003266e-01 1.46962769e-01
 1.46962769e-01 1.48922273e-01 1.50228609e-01 1.50881777e-01
 1.63291966e-01 1.63291966e-01 1.63945134e-01 1.63945134e-01
 1.69170477e-01 1.69170477e-01 1.71783148e-01 1.71783148e-01
 1.77661659e-01 1.77661659e-01 1.78314827e-01 1.78314827e-01
 1.80274331e-01 1.80274331e-01 1.81580666e-01 1.81580666e-01
 1.82887002e-01 1.85499673e-01 1.88112345e-01 1.88112345e-01
 2.01175702e-01 2.01175702e-01 2.03788374e-01 2.03788374e-01
 2.05094709e-01 2.05094709e-01 2.18811234e-01 2.18811234e-01
 2.20770738e-01 2.20770738e-01 2.21423906e-01 2.21423906e-01
 2.22077074e-01 2.29915088e-01 2.29915088e-01 2.32527760e-01
 2.32527760e-01 2.36446767e-01 2.36446767e-01 2.37099935e-01
 2.37099935e-01 2.41672110e-01 2.41672110e-01 2.42325278e-01
 2.42325278e-01 2.43631613e-01 2.43631613e-01 2.57348138e-01
 2.59960810e-01 2.60613978e-01 2.60613978e-01 2.61920314e-01
 2.61920314e-01 2.62573481e-01 2.62573481e-01 2.64532985e-01
 2.64532985e-01 2.73677335e-01 2.73677335e-01 2.76290007e-01
 2.76290007e-01 2.84781189e-01 2.84781189e-01 2.94578707e-01
 2.99150882e-01 3.00457218e-01 3.00457218e-01 3.02416721e-01
 3.02416721e-01 3.03069889e-01 3.03069889e-01 3.03723057e-01
 3.03723057e-01 3.06988896e-01 3.06988896e-01 3.09601568e-01
 3.09601568e-01 3.14173743e-01 3.14173743e-01 3.14826911e-01
 3.14826911e-01 3.19399086e-01 3.20705421e-01 3.25277596e-01
 3.25277596e-01 3.25930764e-01 3.25930764e-01 3.27890268e-01
 3.27890268e-01 3.29196604e-01 3.29196604e-01 3.33115611e-01
 3.33115611e-01 3.37687786e-01 3.37687786e-01 3.39647289e-01
 3.39647289e-01 3.40300457e-01 3.40300457e-01 3.41606793e-01
 3.41606793e-01 3.42259961e-01 3.42259961e-01 3.44872632e-01
 3.44872632e-01 3.46178968e-01 3.46178968e-01 3.47485304e-01
 3.47485304e-01 3.48138472e-01 3.69039843e-01 3.78184193e-01
 3.78184193e-01 3.85369040e-01 3.85369040e-01 3.87328543e-01
 3.87328543e-01 3.87981711e-01 3.87981711e-01 3.89288047e-01
 3.89288047e-01 3.92553886e-01 3.92553886e-01 3.93207054e-01
 3.93207054e-01 3.97126061e-01 3.97126061e-01 3.99085565e-01
 4.06923579e-01 4.10842587e-01 4.10842587e-01 4.14108426e-01
 4.14108426e-01 4.15414762e-01 4.15414762e-01 4.19986937e-01
 4.19986937e-01 4.21946440e-01 4.21946440e-01 4.22599608e-01
 4.26518615e-01 4.26518615e-01 4.28478119e-01 4.28478119e-01
 4.29784455e-01 4.29784455e-01 4.30437622e-01 4.30437622e-01
 4.31090790e-01 4.31743958e-01 4.31743958e-01 4.32397126e-01
 4.32397126e-01 4.35662965e-01 4.35662965e-01 4.36969301e-01
 4.36969301e-01 4.37622469e-01 4.37622469e-01 4.38275637e-01
 4.38275637e-01 4.41541476e-01 4.41541476e-01 4.45460483e-01
 4.45460483e-01 4.46113651e-01 4.47419987e-01 4.47419987e-01
 4.48726323e-01 4.48726323e-01 4.55911169e-01 4.58523841e-01
 4.58523841e-01 4.59177008e-01 4.59177008e-01 4.59830176e-01
 4.59830176e-01 4.60483344e-01 4.60483344e-01 4.61136512e-01
 4.61136512e-01 4.62442848e-01 4.62442848e-01 4.63096016e-01
 4.63096016e-01 4.63749184e-01 4.63749184e-01 4.65055519e-01
 4.65055519e-01 4.66361855e-01 4.66361855e-01 4.67668191e-01
 4.67668191e-01 4.68321359e-01 4.68321359e-01 4.68974526e-01
 4.68974526e-01 4.70934030e-01 4.70934030e-01 4.71587198e-01
 4.71587198e-01 4.72240366e-01 4.72240366e-01 4.77465709e-01
 4.77465709e-01 4.78772044e-01 4.82037884e-01 4.82691052e-01
 4.82691052e-01 4.85303723e-01 4.85303723e-01 4.87263227e-01
 4.87263227e-01 4.89222730e-01 4.89222730e-01 4.89875898e-01
 4.89875898e-01 4.90529066e-01 4.90529066e-01 4.91182234e-01
 4.91182234e-01 4.91835402e-01 4.91835402e-01 4.93794905e-01
 4.93794905e-01 4.94448073e-01 4.94448073e-01 4.99020248e-01
 4.99020248e-01 5.01632920e-01 5.01632920e-01 5.02939255e-01
 5.02939255e-01 5.05551927e-01 5.05551927e-01 5.06858263e-01
 5.06858263e-01 5.28412802e-01 5.29719138e-01 5.29719138e-01
 5.30372306e-01 5.30372306e-01 5.31025474e-01 5.31025474e-01
 5.34944481e-01 5.34944481e-01 5.36250816e-01 5.36250816e-01
 5.37557152e-01 5.37557152e-01 5.38863488e-01 5.38863488e-01
 5.41476159e-01 5.41476159e-01 5.42129327e-01 5.42129327e-01
 5.43435663e-01 5.43435663e-01 5.46048334e-01 5.46048334e-01
 5.49967342e-01 5.49967342e-01 5.55845852e-01 5.57152188e-01
 5.57152188e-01 5.59111692e-01 5.59111692e-01 5.59764860e-01
 5.59764860e-01 5.62377531e-01 5.62377531e-01 5.64337035e-01
 5.64337035e-01 5.69562378e-01 5.69562378e-01 5.70215545e-01
 5.70215545e-01 5.71521881e-01 5.71521881e-01 5.72175049e-01
 5.72175049e-01 5.75440888e-01 5.81319399e-01 5.81319399e-01
 5.81972567e-01 5.81972567e-01 5.82625735e-01 5.82625735e-01
 5.83278903e-01 5.83278903e-01 5.84585238e-01 5.84585238e-01
 5.85891574e-01 5.85891574e-01 5.88504246e-01 5.88504246e-01
 5.89157413e-01 5.89157413e-01 5.91116917e-01 5.91116917e-01
 5.91770085e-01 5.91770085e-01 5.93076421e-01 5.93076421e-01
 5.93729589e-01 5.93729589e-01 5.97648596e-01 5.97648596e-01
 5.98301764e-01 6.06792946e-01 6.12671457e-01 6.12671457e-01
 6.16590464e-01 6.16590464e-01 6.19856303e-01 6.19856303e-01
 6.22468975e-01 6.22468975e-01 6.25081646e-01 6.25081646e-01
 6.25734814e-01 6.25734814e-01 6.26387982e-01 6.26387982e-01
 6.32266492e-01 6.32266492e-01 6.33572828e-01 6.42717178e-01
 6.42717178e-01 6.43370346e-01 6.43370346e-01 6.44023514e-01
 6.44023514e-01 6.45983018e-01 6.45983018e-01 6.46636185e-01
 6.46636185e-01 6.53821032e-01 6.53821032e-01 6.55127368e-01
 6.55127368e-01 6.55780536e-01 6.55780536e-01 6.57086871e-01
 6.57086871e-01 6.58393207e-01 6.58393207e-01 6.60352711e-01
 6.83866754e-01 6.87785761e-01 6.87785761e-01 6.89745265e-01
 6.89745265e-01 6.91051600e-01 6.91051600e-01 6.91704768e-01
 6.91704768e-01 6.92357936e-01 6.92357936e-01 6.96276943e-01
 6.96276943e-01 7.01502286e-01 7.01502286e-01 7.02808622e-01
 7.02808622e-01 7.14565643e-01 7.14565643e-01 7.15218811e-01
 7.21097322e-01 7.23709993e-01 7.23709993e-01 7.24363161e-01
 7.24363161e-01 7.25669497e-01 7.25669497e-01 7.26322665e-01
 7.26322665e-01 7.31548008e-01 7.31548008e-01 7.32201176e-01
 7.32201176e-01 7.43958197e-01 7.53755715e-01 7.56368387e-01
 7.56368387e-01 7.67472240e-01 7.67472240e-01 7.71391248e-01
 7.71391248e-01 7.72044415e-01 7.72044415e-01 7.87720444e-01
 7.87720444e-01 7.88373612e-01 7.88373612e-01 7.90986283e-01
 7.90986283e-01 7.92945787e-01 8.02090137e-01 8.04702809e-01
 8.04702809e-01 8.06009144e-01 8.06009144e-01 8.06662312e-01
 8.06662312e-01 8.07315480e-01 8.07315480e-01 8.08621816e-01
 8.08621816e-01 8.09274984e-01 8.09274984e-01 8.11234487e-01
 8.11234487e-01 8.12540823e-01 8.12540823e-01 8.15153494e-01
 8.15153494e-01 8.17112998e-01 8.17112998e-01 8.17766166e-01
 8.17766166e-01 8.21685173e-01 8.21685173e-01 8.22338341e-01
 8.22338341e-01 8.23644677e-01 8.27563684e-01 8.31482691e-01
 8.31482691e-01 8.37361202e-01 8.37361202e-01 8.41280209e-01
 8.41280209e-01 8.41933377e-01 8.41933377e-01 8.43239713e-01
 8.43239713e-01 8.43892880e-01 8.48465056e-01 8.48465056e-01
 8.51077727e-01 8.51077727e-01 8.73285434e-01 8.73285434e-01
 8.81123449e-01 8.81123449e-01 8.85042456e-01 8.89614631e-01
 8.90267799e-01 8.90267799e-01 8.90920967e-01 8.90920967e-01
 9.02024820e-01 9.02024820e-01 9.03331156e-01 9.03331156e-01
 9.07250163e-01 9.08556499e-01 9.08556499e-01 9.13781842e-01
 9.13781842e-01 9.18354017e-01 9.18354017e-01 9.20313521e-01
 9.20313521e-01 9.23579360e-01 9.23579360e-01 9.24885696e-01
 9.24885696e-01 9.27498367e-01 9.27498367e-01 9.30111039e-01
 9.30111039e-01 9.39255389e-01 9.41868060e-01 9.41868060e-01
 9.43174396e-01 9.43174396e-01 9.47093403e-01 9.47093403e-01
 9.49052907e-01 9.49052907e-01 9.49706074e-01 9.49706074e-01
 9.55584585e-01 9.58850425e-01 9.58850425e-01 9.59503592e-01
 9.59503592e-01 9.60809928e-01 9.60809928e-01 9.61463096e-01
 9.61463096e-01 9.62116264e-01 9.66035271e-01 9.67994775e-01
 9.67994775e-01 9.71260614e-01 9.71260614e-01 9.71913782e-01
 9.71913782e-01 9.74526453e-01 9.74526453e-01 9.77792293e-01
 9.77792293e-01 9.78445460e-01 9.78445460e-01 9.81711300e-01
 9.81711300e-01 9.84323971e-01 9.84323971e-01 9.85630307e-01
 9.90202482e-01 9.90202482e-01 9.92161986e-01 9.92815153e-01
 9.92815153e-01 9.93468321e-01 9.93468321e-01 9.94774657e-01
 1.00000000e+00 1.00000000e+00]","[0.         0.         0.         0.00172414 0.00172414 0.00344828
 0.00344828 0.00517241 0.00517241 0.00689655 0.00862069 0.00862069
 0.01034483 0.01034483 0.01034483 0.01206897 0.0137931  0.0137931
 0.01551724 0.01551724 0.01724138 0.01724138 0.01896552 0.01896552
 0.02068966 0.02068966 0.02241379 0.02241379 0.02413793 0.02413793
 0.02931034 0.02931034 0.03275862 0.03275862 0.03448276 0.03448276
 0.0362069  0.0362069  0.04137931 0.04137931 0.04310345 0.04310345
 0.04482759 0.04482759 0.04655172 0.04655172 0.05       0.05
 0.05517241 0.05517241 0.05862069 0.05862069 0.06551724 0.06551724
 0.06724138 0.06724138 0.06724138 0.07068966 0.07068966 0.07758621
 0.07758621 0.07931034 0.07931034 0.08103448 0.08103448 0.08448276
 0.08448276 0.0862069  0.0862069  0.0862069  0.0862069  0.08793103
 0.08793103 0.08965517 0.08965517 0.09310345 0.09310345 0.09655172
 0.09655172 0.09827586 0.09827586 0.1        0.1        0.10172414
 0.10172414 0.10344828 0.10344828 0.10517241 0.10517241 0.10689655
 0.10689655 0.10862069 0.10862069 0.11034483 0.11034483 0.11206897
 0.11206897 0.11551724 0.11551724 0.11896552 0.11896552 0.12068966
 0.12068966 0.12241379 0.12241379 0.12413793 0.12413793 0.12413793
 0.12586207 0.12586207 0.12758621 0.12758621 0.12931034 0.12931034
 0.13103448 0.13103448 0.13275862 0.13275862 0.13448276 0.13448276
 0.1362069  0.1362069  0.13965517 0.13965517 0.14137931 0.14137931
 0.14137931 0.14137931 0.15689655 0.15862069 0.15862069 0.16034483
 0.16034483 0.16206897 0.16206897 0.1637931  0.1637931  0.16551724
 0.16551724 0.16724138 0.16724138 0.16896552 0.16896552 0.17068966
 0.17068966 0.17413793 0.17413793 0.17586207 0.17586207 0.17931034
 0.17931034 0.18103448 0.18103448 0.18275862 0.18275862 0.18448276
 0.18448276 0.1862069  0.1862069  0.18793103 0.18793103 0.19310345
 0.19482759 0.19482759 0.19655172 0.19655172 0.19827586 0.19827586
 0.2        0.2        0.20172414 0.20172414 0.20344828 0.20344828
 0.20517241 0.20517241 0.21034483 0.21034483 0.21206897 0.21206897
 0.2137931  0.2137931  0.21551724 0.21551724 0.21896552 0.21896552
 0.22068966 0.22068966 0.22241379 0.22241379 0.22413793 0.22413793
 0.23448276 0.23448276 0.2362069  0.2362069  0.23793103 0.23793103
 0.23965517 0.23965517 0.24482759 0.24482759 0.24655172 0.24655172
 0.24827586 0.24827586 0.25       0.25       0.25172414 0.25172414
 0.25172414 0.25172414 0.25344828 0.25344828 0.25689655 0.25689655
 0.25862069 0.25862069 0.2637931  0.2637931  0.26724138 0.26724138
 0.26896552 0.26896552 0.27413793 0.27413793 0.27758621 0.27758621
 0.27931034 0.27931034 0.28103448 0.28103448 0.28275862 0.28275862
 0.28448276 0.28448276 0.2862069  0.2862069  0.29827586 0.29827586
 0.3        0.3        0.30344828 0.30344828 0.30689655 0.30689655
 0.30862069 0.30862069 0.31206897 0.31206897 0.31724138 0.31724138
 0.31896552 0.31896552 0.32068966 0.32068966 0.32586207 0.32586207
 0.32758621 0.32758621 0.33103448 0.33103448 0.33275862 0.33275862
 0.33448276 0.33448276 0.3362069  0.33793103 0.33793103 0.33965517
 0.33965517 0.34482759 0.34482759 0.34655172 0.34655172 0.35172414
 0.35172414 0.35344828 0.35517241 0.35517241 0.35689655 0.35689655
 0.35862069 0.35862069 0.36034483 0.36034483 0.36206897 0.36206897
 0.3637931  0.3637931  0.36551724 0.36551724 0.36724138 0.36896552
 0.36896552 0.37068966 0.37068966 0.37241379 0.3862069  0.3862069
 0.38793103 0.38793103 0.39482759 0.39482759 0.39827586 0.39827586
 0.4        0.4        0.40344828 0.40344828 0.40689655 0.40689655
 0.40862069 0.40862069 0.41206897 0.41206897 0.41551724 0.41551724
 0.42068966 0.42068966 0.42241379 0.42241379 0.42413793 0.42413793
 0.42931034 0.42931034 0.43103448 0.43103448 0.43275862 0.43275862
 0.43448276 0.43448276 0.4362069  0.4362069  0.44137931 0.44137931
 0.45172414 0.45172414 0.45862069 0.45862069 0.46034483 0.46034483
 0.46206897 0.46206897 0.46551724 0.46551724 0.46896552 0.46896552
 0.47068966 0.47068966 0.47241379 0.47241379 0.47413793 0.47413793
 0.47586207 0.47586207 0.47758621 0.47758621 0.47931034 0.47931034
 0.48103448 0.48103448 0.48965517 0.48965517 0.49310345 0.53965517
 0.53965517 0.54137931 0.54137931 0.54310345 0.54310345 0.54482759
 0.54482759 0.55       0.55       0.55517241 0.55517241 0.55862069
 0.55862069 0.56034483 0.56034483 0.56206897 0.56206897 0.5637931
 0.5637931  0.56724138 0.56724138 0.57068966 0.57068966 0.57241379
 0.57413793 0.57413793 0.57586207 0.57586207 0.57758621 0.57758621
 0.57931034 0.57931034 0.58103448 0.58103448 0.58448276 0.58448276
 0.5862069  0.5862069  0.58793103 0.58793103 0.58965517 0.58965517
 0.59827586 0.59827586 0.60517241 0.60689655 0.60689655 0.61034483
 0.61034483 0.61206897 0.61206897 0.6137931  0.6137931  0.61724138
 0.61724138 0.62586207 0.62586207 0.62758621 0.62758621 0.62931034
 0.62931034 0.63275862 0.63275862 0.63448276 0.63448276 0.6362069
 0.6362069  0.63793103 0.63793103 0.63965517 0.63965517 0.64482759
 0.64482759 0.64655172 0.64655172 0.64827586 0.64827586 0.65172414
 0.65172414 0.65344828 0.65344828 0.65517241 0.65517241 0.65689655
 0.65689655 0.66034483 0.66034483 0.66206897 0.66206897 0.66206897
 0.6637931  0.6637931  0.66551724 0.66551724 0.66896552 0.66896552
 0.67068966 0.67068966 0.67241379 0.67241379 0.67586207 0.67586207
 0.67758621 0.67758621 0.67931034 0.67931034 0.68448276 0.68448276
 0.6862069  0.6862069  0.71034483 0.71034483 0.71206897 0.71206897
 0.71551724 0.71551724 0.71724138 0.71724138 0.71896552 0.71896552
 0.72068966 0.72068966 0.72241379 0.72241379 0.72413793 0.72413793
 0.72586207 0.72586207 0.72758621 0.72758621 0.72931034 0.72931034
 0.73103448 0.73103448 0.73275862 0.73275862 0.73448276 0.73448276
 0.73793103 0.73793103 0.73965517 0.73965517 0.74137931 0.74137931
 0.74482759 0.74482759 0.74655172 0.74655172 0.74827586 0.74827586
 0.75172414 0.75172414 0.75344828 0.75344828 0.75517241 0.75517241
 0.75689655 0.75689655 0.75862069 0.75862069 0.79655172 0.79655172
 0.79827586 0.79827586 0.8        0.8        0.80172414 0.80172414
 0.80344828 0.80344828 0.80517241 0.80517241 0.81034483 0.81034483
 0.81206897 0.81206897 0.81551724 0.81551724 0.81896552 0.81896552
 0.82241379 0.82241379 0.82413793 0.82413793 0.82586207 0.82586207
 0.82758621 0.82758621 0.83103448 0.83103448 0.83275862 0.83275862
 0.8362069  0.8362069  0.83965517 0.83965517 0.84137931 0.84137931
 0.84310345 0.84482759 0.84482759 0.84655172 0.84655172 0.84827586
 0.8637931  0.86896552 0.86896552 0.87068966 0.87068966 0.87068966
 0.87068966 0.87413793 0.87413793 0.87758621 0.87758621 0.87931034
 0.87931034 0.88103448 0.8862069  0.8862069  0.88965517 0.88965517
 0.89137931 0.89137931 0.89310345 0.89310345 0.89655172 0.89655172
 0.89827586 0.89827586 0.9        0.9        0.90344828 0.90344828
 0.90517241 0.90517241 0.90517241 0.90689655 0.90689655 0.90862069
 0.90862069 0.91034483 0.91034483 0.9137931  0.9137931  0.91724138
 0.92586207 0.92586207 0.92931034 0.92931034 0.93103448 0.93103448
 0.93448276 0.93448276 0.9362069  0.9362069  0.93793103 0.93793103
 0.94137931 0.94137931 0.94310345 0.94310345 0.94482759 0.94482759
 0.94655172 0.94827586 0.95       0.95       0.95172414 0.95172414
 0.95344828 0.95344828 0.95517241 0.95517241 0.95517241 0.96034483
 0.96034483 0.96206897 0.96724138 0.96724138 0.97586207 0.97586207
 0.98448276 1.        ]"
Height,Obesity,0.575083912319304,0.5508944533273054,0.6001709254593528,1.732383,1.732383,inf,762,377,498,474,0.33099209833187004,0.5123456790123457,0.48765432098765427,0.15666222265578425,1.0465606982707677e-11,"[0.         0.         0.         0.00175593 0.00175593 0.00263389
 0.00263389 0.00351185 0.00351185 0.00438982 0.00438982 0.00526778
 0.00790167 0.00790167 0.00965759 0.01229148 0.01229148 0.01404741
 0.01404741 0.01492537 0.01755926 0.01755926 0.01843723 0.01843723
 0.01931519 0.01931519 0.02282704 0.02282704 0.02458297 0.02458297
 0.02546093 0.02546093 0.02633889 0.02633889 0.02721686 0.02721686
 0.03160667 0.03160667 0.0333626  0.0333626  0.03424056 0.03424056
 0.03687445 0.03687445 0.03863038 0.03863038 0.03950834 0.04828797
 0.04828797 0.04916594 0.04916594 0.0500439  0.0500439  0.05092186
 0.05092186 0.05179982 0.05179982 0.05267779 0.05267779 0.05355575
 0.05355575 0.05531168 0.05531168 0.05970149 0.05970149 0.06409131
 0.06409131 0.06760316 0.06760316 0.06848112 0.06935909 0.06935909
 0.07550483 0.07550483 0.07813872 0.07813872 0.07901668 0.08516242
 0.08516242 0.08604039 0.08604039 0.08691835 0.08691835 0.08691835
 0.08691835 0.08779631 0.08779631 0.08955224 0.08955224 0.09130817
 0.09130817 0.09394205 0.09394205 0.09482002 0.09482002 0.09657594
 0.09657594 0.10184372 0.10184372 0.10359965 0.10359965 0.10447761
 0.10447761 0.10623354 0.10623354 0.1071115  0.1071115  0.10798946
 0.10798946 0.10886743 0.10886743 0.10974539 0.10974539 0.11062335
 0.11062335 0.11237928 0.11237928 0.11413521 0.11413521 0.11501317
 0.11501317 0.11589113 0.11589113 0.1167691  0.1167691  0.11764706
 0.11940299 0.11940299 0.12115891 0.12115891 0.12203687 0.12203687
 0.12291484 0.12291484 0.1237928  0.1237928  0.12467076 0.12467076
 0.12554873 0.12554873 0.12642669 0.12642669 0.12730465 0.12730465
 0.12906058 0.12906058 0.12993854 0.12993854 0.12993854 0.12993854
 0.15276558 0.15364355 0.15364355 0.15452151 0.15452151 0.15539947
 0.15539947 0.15627744 0.15627744 0.1571554  0.1571554  0.15803336
 0.15803336 0.15891133 0.15891133 0.15978929 0.15978929 0.16066725
 0.16066725 0.16154522 0.16154522 0.16242318 0.16242318 0.16681299
 0.16681299 0.16769096 0.16769096 0.16856892 0.16856892 0.16944688
 0.16944688 0.17032485 0.17032485 0.17208077 0.17208077 0.1738367
 0.1738367  0.17471466 0.17471466 0.17559263 0.17559263 0.17647059
 0.17647059 0.17734855 0.17734855 0.17822651 0.17822651 0.17910448
 0.17910448 0.17998244 0.17998244 0.18788411 0.18876207 0.18876207
 0.18964004 0.18964004 0.190518   0.190518   0.19315189 0.19315189
 0.19402985 0.19402985 0.19490781 0.19490781 0.19578578 0.19578578
 0.19666374 0.19666374 0.1975417  0.1975417  0.19841967 0.19841967
 0.20368745 0.20368745 0.20456541 0.20456541 0.20544337 0.20544337
 0.20807726 0.20807726 0.21071115 0.21071115 0.21246708 0.21246708
 0.21334504 0.21334504 0.214223   0.214223   0.21510097 0.21510097
 0.21597893 0.21597893 0.21685689 0.21685689 0.21773486 0.21773486
 0.21861282 0.21861282 0.22914838 0.23002634 0.23002634 0.2309043
 0.2309043  0.23178227 0.23178227 0.23266023 0.23266023 0.23353819
 0.23353819 0.23617208 0.23617208 0.23705004 0.23705004 0.23880597
 0.23880597 0.2405619  0.2405619  0.24143986 0.24143986 0.24319579
 0.24319579 0.24407375 0.24407375 0.24407375 0.24407375 0.24495171
 0.24495171 0.24582968 0.24582968 0.24670764 0.24670764 0.24846356
 0.24846356 0.24934153 0.24934153 0.25197542 0.25197542 0.25285338
 0.25285338 0.2572432  0.2572432  0.25812116 0.25812116 0.25899912
 0.25899912 0.26163301 0.26163301 0.2642669  0.2642669  0.26514486
 0.26514486 0.26602283 0.26602283 0.26690079 0.26690079 0.26777875
 0.26777875 0.26865672 0.26865672 0.28972783 0.28972783 0.29060579
 0.29060579 0.29148376 0.29148376 0.29323968 0.29323968 0.29499561
 0.29499561 0.29587357 0.29587357 0.30026339 0.30026339 0.30289728
 0.30289728 0.30377524 0.30377524 0.3046532  0.3046532  0.30553117
 0.30553117 0.30728709 0.31782265 0.31782265 0.32045654 0.32045654
 0.3213345  0.3213345  0.32396839 0.32396839 0.32484636 0.32484636
 0.32660228 0.32660228 0.32748025 0.32835821 0.32835821 0.32923617
 0.32923617 0.33011414 0.33011414 0.3309921  0.3309921  0.33625988
 0.33625988 0.33713784 0.33713784 0.33977173 0.33977173 0.34152766
 0.34240562 0.34240562 0.34328358 0.34328358 0.34416155 0.34416155
 0.34503951 0.34503951 0.3476734  0.3476734  0.34855136 0.34855136
 0.34942932 0.34942932 0.35030729 0.35030729 0.35294118 0.35294118
 0.35381914 0.35557507 0.35557507 0.35645303 0.35645303 0.35820896
 0.37489025 0.37489025 0.37576822 0.37576822 0.37664618 0.37664618
 0.38279192 0.38279192 0.38981563 0.38981563 0.39332748 0.39332748
 0.39508341 0.39508341 0.39859526 0.39859526 0.404741   0.404741
 0.40825285 0.40825285 0.41000878 0.41000878 0.41264267 0.41264267
 0.41615452 0.42230026 0.42230026 0.42756804 0.42756804 0.42844601
 0.42844601 0.43283582 0.43283582 0.43371378 0.43371378 0.43459175
 0.43459175 0.43546971 0.43546971 0.43634767 0.43634767 0.4381036
 0.4381036  0.43985953 0.43985953 0.44073749 0.44073749 0.4451273
 0.4451273  0.44688323 0.44688323 0.44776119 0.44776119 0.44863916
 0.44863916 0.44951712 0.44951712 0.45039508 0.45039508 0.45127305
 0.45127305 0.45566286 0.45566286 0.45829675 0.50921861 0.50921861
 0.51097454 0.51097454 0.51536435 0.51536435 0.51624232 0.51624232
 0.51887621 0.51887621 0.5215101  0.5215101  0.52326602 0.52326602
 0.52414399 0.52414399 0.52502195 0.52502195 0.52677788 0.52677788
 0.5285338  0.5285338  0.53292362 0.53292362 0.53380158 0.54082529
 0.54345917 0.54345917 0.54433714 0.54433714 0.54784899 0.54784899
 0.54872695 0.54872695 0.55048288 0.55048288 0.55136084 0.55136084
 0.55223881 0.55223881 0.55311677 0.55311677 0.55750658 0.55750658
 0.56892011 0.56979807 0.56979807 0.57155399 0.57155399 0.57243196
 0.57243196 0.57330992 0.57330992 0.57506585 0.57506585 0.58033363
 0.58033363 0.58121159 0.58121159 0.58296752 0.58296752 0.58384548
 0.58384548 0.5856014  0.5856014  0.58647937 0.58647937 0.58999122
 0.58999122 0.59262511 0.59262511 0.60403863 0.60403863 0.60491659
 0.60491659 0.60755048 0.60755048 0.60842845 0.60842845 0.61018437
 0.61018437 0.61106234 0.61106234 0.6119403  0.6119403  0.61281826
 0.61281826 0.61545215 0.61545215 0.61633011 0.61633011 0.61720808
 0.61720808 0.618964   0.618964   0.63037752 0.63125549 0.63125549
 0.63213345 0.63213345 0.63388938 0.63388938 0.63476734 0.63476734
 0.6356453  0.6356453  0.63652327 0.63652327 0.63827919 0.63827919
 0.64091308 0.64091308 0.64354697 0.64354697 0.64442493 0.64442493
 0.67515364 0.67515364 0.67603161 0.67603161 0.67690957 0.67690957
 0.6786655  0.6786655  0.68042142 0.68042142 0.68129939 0.68129939
 0.68217735 0.68217735 0.68305531 0.68305531 0.68393327 0.68393327
 0.68481124 0.68481124 0.6856892  0.6856892  0.68656716 0.68656716
 0.68744513 0.68744513 0.69622476 0.69622476 0.69710272 0.69710272
 0.69798068 0.69798068 0.69885865 0.69885865 0.70061457 0.70061457
 0.70149254 0.70149254 0.7023705  0.7023705  0.70324846 0.70324846
 0.70412643 0.70412643 0.71553995 0.71553995 0.71641791 0.71641791
 0.71729587 0.71729587 0.7190518  0.7190518  0.71992976 0.71992976
 0.72080773 0.72080773 0.72168569 0.72168569 0.72256365 0.72256365
 0.75329236 0.75329236 0.75417032 0.75417032 0.75504829 0.75504829
 0.75592625 0.75592625 0.75680421 0.75680421 0.75768218 0.75768218
 0.76031607 0.76031607 0.76119403 0.76119403 0.76294996 0.76294996
 0.76470588 0.76470588 0.76646181 0.76646181 0.76733977 0.76733977
 0.76821773 0.76821773 0.7690957  0.7690957  0.76997366 0.76997366
 0.77699737 0.77787533 0.77787533 0.77875329 0.77875329 0.78050922
 0.78050922 0.78138718 0.78138718 0.78314311 0.78314311 0.78402107
 0.78402107 0.785777   0.78665496 0.78753292 0.78753292 0.78841089
 0.78841089 0.78928885 0.78928885 0.79104478 0.82265145 0.82704126
 0.82704126 0.82879719 0.82879719 0.83143108 0.83143108 0.83318701
 0.83318701 0.83406497 0.83406497 0.83494293 0.84108867 0.84372256
 0.84372256 0.84635645 0.84635645 0.84811238 0.84811238 0.84899034
 0.84899034 0.85074627 0.85074627 0.85250219 0.85250219 0.85338016
 0.86128183 0.86128183 0.86391572 0.86391572 0.8665496  0.8665496
 0.86742757 0.86742757 0.86830553 0.87445127 0.8762072  0.8762072
 0.87884109 0.87884109 0.88059701 0.88059701 0.8832309  0.8832309
 0.88498683 0.88498683 0.88586479 0.89552239 0.89640035 0.89640035
 0.89727831 0.89727831 0.89815628 0.89815628 0.8999122  0.8999122
 0.90079017 0.90079017 0.90342406 0.90342406 0.90781387 0.92010536
 0.92010536 0.92098332 0.92098332 0.92449517 0.92449517 0.92712906
 0.92712906 0.92888499 0.93415277 0.94205443 0.94205443 0.9429324
 0.9429324  0.94820018 0.95258999 0.95522388 0.95522388 0.95697981
 0.95697981 0.9596137  0.9596137  0.96400351 0.97014925 0.97278314
 0.97278314 0.97453907 0.97717296 0.97717296 0.98156277 0.98156277
 0.99209833 1.        ]","[0.         0.00102881 0.00617284 0.00617284 0.00720165 0.00720165
 0.01131687 0.01131687 0.01337449 0.01337449 0.01954733 0.01954733
 0.01954733 0.02057613 0.02057613 0.02057613 0.02469136 0.02469136
 0.02572016 0.02572016 0.02572016 0.0308642  0.0308642  0.03497942
 0.03497942 0.03600823 0.03703704 0.03806584 0.03806584 0.04423868
 0.04423868 0.04835391 0.04835391 0.05041152 0.05041152 0.05144033
 0.05144033 0.05246914 0.05246914 0.05349794 0.05349794 0.05452675
 0.05452675 0.05555556 0.05555556 0.05658436 0.05658436 0.05967078
 0.06481481 0.06481481 0.06687243 0.06687243 0.06790123 0.06790123
 0.06995885 0.06995885 0.07201646 0.07201646 0.07304527 0.07304527
 0.07613169 0.07613169 0.08024691 0.08024691 0.08127572 0.08230453
 0.08436214 0.08436214 0.08539095 0.08539095 0.08641975 0.08744856
 0.08744856 0.08847737 0.08847737 0.09156379 0.09156379 0.0936214
 0.09876543 0.09876543 0.10082305 0.10082305 0.10493827 0.10699588
 0.10802469 0.10802469 0.1090535  0.1090535  0.1100823  0.1100823
 0.11213992 0.11213992 0.11316872 0.11316872 0.11419753 0.11419753
 0.11522634 0.11625514 0.11934156 0.11934156 0.12242798 0.12242798
 0.12345679 0.12345679 0.1244856  0.1244856  0.1255144  0.1255144
 0.12860082 0.12860082 0.12962963 0.12962963 0.13168724 0.13168724
 0.13374486 0.13374486 0.13477366 0.13477366 0.13683128 0.13683128
 0.1399177  0.1399177  0.1409465  0.1409465  0.14300412 0.14300412
 0.14300412 0.14403292 0.14403292 0.14609053 0.14609053 0.14711934
 0.14711934 0.14917695 0.14917695 0.15020576 0.15020576 0.15123457
 0.15123457 0.15329218 0.15329218 0.15534979 0.15534979 0.16049383
 0.16049383 0.16358025 0.16358025 0.16666667 0.16872428 0.16975309
 0.1718107  0.1718107  0.17283951 0.17283951 0.17386831 0.17386831
 0.18004115 0.18004115 0.18106996 0.18106996 0.18312757 0.18312757
 0.18415638 0.18415638 0.19135802 0.19135802 0.19238683 0.19238683
 0.19547325 0.19547325 0.19753086 0.19753086 0.19958848 0.20061728
 0.20473251 0.20473251 0.20781893 0.20781893 0.21090535 0.21090535
 0.21502058 0.21502058 0.218107   0.218107   0.22016461 0.22016461
 0.22427984 0.22427984 0.22633745 0.22633745 0.23662551 0.23662551
 0.24279835 0.24279835 0.24588477 0.24588477 0.24897119 0.24897119
 0.25       0.25       0.25102881 0.25720165 0.25720165 0.26131687
 0.26131687 0.26234568 0.26234568 0.26440329 0.26440329 0.2654321
 0.2654321  0.27263374 0.27263374 0.27366255 0.27366255 0.27572016
 0.27572016 0.28600823 0.28600823 0.29218107 0.29218107 0.29526749
 0.2962963  0.2973251  0.2973251  0.29938272 0.29938272 0.30041152
 0.30041152 0.30144033 0.30144033 0.30246914 0.30246914 0.30658436
 0.30658436 0.3117284  0.3117284  0.31584362 0.31584362 0.32510288
 0.32510288 0.3281893  0.3281893  0.33436214 0.33436214 0.33950617
 0.33950617 0.34156379 0.34259259 0.34259259 0.3436214  0.3436214
 0.34465021 0.34465021 0.34567901 0.34567901 0.34670782 0.34670782
 0.34773663 0.34773663 0.35288066 0.35288066 0.35699588 0.35699588
 0.36213992 0.36213992 0.36316872 0.36316872 0.36419753 0.36419753
 0.36522634 0.36522634 0.36728395 0.36934156 0.37139918 0.37139918
 0.37242798 0.37242798 0.3744856  0.3744856  0.3755144  0.3755144
 0.37860082 0.37860082 0.38065844 0.38065844 0.38477366 0.38477366
 0.38580247 0.38580247 0.3899177  0.3899177  0.3909465  0.3909465
 0.39197531 0.39197531 0.39300412 0.39300412 0.39403292 0.39403292
 0.39506173 0.39506173 0.39917695 0.39917695 0.40123457 0.40123457
 0.40329218 0.40329218 0.40432099 0.41975309 0.42695473 0.42695473
 0.43312757 0.43312757 0.44444444 0.44444444 0.44753086 0.44753086
 0.44855967 0.44855967 0.44958848 0.44958848 0.4526749  0.4526749
 0.4537037  0.4537037  0.45679012 0.45679012 0.45884774 0.45884774
 0.45987654 0.45987654 0.46296296 0.46707819 0.46707819 0.4691358
 0.4691358  0.47119342 0.47119342 0.47222222 0.47222222 0.47942387
 0.47942387 0.48148148 0.48148148 0.48251029 0.48353909 0.48353909
 0.48559671 0.48559671 0.48662551 0.48662551 0.48765432 0.48765432
 0.48868313 0.48868313 0.48971193 0.48971193 0.49074074 0.49074074
 0.49074074 0.49176955 0.49176955 0.49382716 0.49382716 0.49588477
 0.49588477 0.49794239 0.49794239 0.49897119 0.49897119 0.50205761
 0.50205761 0.50308642 0.50308642 0.50514403 0.50514403 0.50617284
 0.50617284 0.50617284 0.50823045 0.50823045 0.50925926 0.50925926
 0.50925926 0.51131687 0.51131687 0.51234568 0.51234568 0.51337449
 0.51337449 0.51440329 0.51440329 0.5154321  0.5154321  0.51748971
 0.51748971 0.51851852 0.51851852 0.52057613 0.52057613 0.52263374
 0.52263374 0.52366255 0.52366255 0.52469136 0.52469136 0.52674897
 0.52674897 0.52777778 0.52880658 0.52880658 0.52983539 0.52983539
 0.5308642  0.5308642  0.531893   0.531893   0.53292181 0.53292181
 0.53395062 0.53395062 0.53497942 0.53497942 0.53600823 0.53600823
 0.53703704 0.53703704 0.53806584 0.53806584 0.53909465 0.53909465
 0.54012346 0.54012346 0.5462963  0.5462963  0.54835391 0.54835391
 0.54938272 0.54938272 0.55144033 0.55144033 0.55246914 0.55246914
 0.55452675 0.55452675 0.55555556 0.55555556 0.55761317 0.55864198
 0.55864198 0.55967078 0.55967078 0.5617284  0.5617284  0.5627572
 0.5627572  0.56481481 0.56481481 0.56687243 0.56687243 0.56893004
 0.56893004 0.57304527 0.57304527 0.57407407 0.57407407 0.57510288
 0.57510288 0.57921811 0.57921811 0.58230453 0.58230453 0.58436214
 0.58436214 0.58539095 0.58539095 0.58641975 0.58641975 0.58950617
 0.58950617 0.59259259 0.59259259 0.60082305 0.60082305 0.60185185
 0.60185185 0.60390947 0.60390947 0.60493827 0.60493827 0.6100823
 0.6100823  0.6100823  0.61111111 0.61111111 0.61213992 0.61213992
 0.61316872 0.61316872 0.61522634 0.61522634 0.61625514 0.61625514
 0.61728395 0.61728395 0.61831276 0.61831276 0.61934156 0.61934156
 0.62242798 0.62242798 0.62345679 0.62345679 0.6255144  0.6255144
 0.62860082 0.62860082 0.62962963 0.63271605 0.64197531 0.64197531
 0.64711934 0.64711934 0.64917695 0.64917695 0.65020576 0.65020576
 0.65432099 0.65432099 0.65843621 0.65843621 0.65946502 0.65946502
 0.66049383 0.66049383 0.66358025 0.66358025 0.66563786 0.66563786
 0.66666667 0.66666667 0.66769547 0.66872428 0.66872428 0.66975309
 0.66975309 0.67078189 0.67078189 0.67386831 0.67386831 0.67489712
 0.67489712 0.68209877 0.68209877 0.68518519 0.68518519 0.6872428
 0.6872428  0.68930041 0.68930041 0.69135802 0.69135802 0.69444444
 0.70987654 0.71604938 0.71604938 0.71707819 0.71707819 0.718107
 0.718107   0.7191358  0.7191358  0.72016461 0.72016461 0.72119342
 0.72119342 0.72736626 0.72736626 0.73559671 0.73559671 0.73765432
 0.73765432 0.74897119 0.74897119 0.75102881 0.75102881 0.75411523
 0.75411523 0.75514403 0.75514403 0.75925926 0.75925926 0.76028807
 0.76028807 0.76234568 0.76234568 0.76337449 0.76337449 0.77160494
 0.77160494 0.77263374 0.77263374 0.77366255 0.77366255 0.78806584
 0.78806584 0.78909465 0.79320988 0.7973251  0.7973251  0.81481481
 0.81481481 0.82098765 0.82098765 0.82201646 0.82201646 0.84670782
 0.84670782 0.84773663 0.84773663 0.85185185 0.85185185 0.85493827
 0.85596708 0.8600823  0.8600823  0.86213992 0.86213992 0.86316872
 0.86316872 0.86419753 0.86419753 0.86625514 0.86625514 0.86728395
 0.86728395 0.87037037 0.87037037 0.87242798 0.87242798 0.87654321
 0.87654321 0.87962963 0.87962963 0.88065844 0.88065844 0.88168724
 0.88168724 0.88580247 0.88580247 0.88683128 0.88683128 0.88888889
 0.88888889 0.88888889 0.89403292 0.89403292 0.90329218 0.90329218
 0.9063786  0.9063786  0.90843621 0.90843621 0.90946502 0.90946502
 0.91049383 0.91049383 0.91152263 0.91152263 0.91563786 0.91563786
 0.91666667 0.91666667 0.91975309 0.91975309 0.92695473 0.92695473
 0.92798354 0.92798354 0.93004115 0.93004115 0.93209877 0.93209877
 0.93415638 0.93415638 0.93518519 0.93518519 0.93518519 0.93518519
 0.93621399 0.93621399 0.9372428  0.9372428  0.93930041 0.93930041
 0.94032922 0.94032922 0.94753086 0.94753086 0.94855967 0.94855967
 0.94855967 0.94958848 0.94958848 0.95061728 0.95061728 0.95164609
 0.95164609 0.9537037  0.9537037  0.9537037  0.9537037  0.95576132
 0.95576132 0.95987654 0.95987654 0.96090535 0.96090535 0.96296296
 0.96296296 0.96707819 0.96707819 0.97016461 0.97016461 0.97119342
 0.97119342 0.97222222 0.97222222 0.97427984 0.97427984 0.97530864
 0.97530864 0.97633745 0.97633745 0.97942387 0.97942387 0.97942387
 0.98148148 0.98148148 0.98353909 0.98353909 0.9845679  0.9845679
 0.98559671 0.98559671 0.98662551 0.98662551 0.98765432 0.98765432
 0.98868313 0.98868313 0.98971193 0.98971193 0.99074074 0.99074074
 0.99176955 0.99176955 0.99279835 0.99279835 0.99279835 0.99279835
 0.99588477 0.99588477 0.99588477 0.99691358 0.99691358 0.99897119
 1.         1.        ]"
Weight,Insufficient,0.022616591497936864,0.017528583562438096,0.027898626808061922,inf,-inf,inf,1839,0,272,0,0.0,1.0,0.0,0.8966589898602182,7.911429743942591e-216,"[0.00000000e+00 5.43773790e-04 8.64600326e-02 8.75475802e-02
 1.17455139e-01 1.18542686e-01 1.33224579e-01 1.35399674e-01
 1.72376291e-01 1.73463839e-01 2.18597064e-01 2.19684611e-01
 2.61011419e-01 2.62098967e-01 3.18107667e-01 3.20826536e-01
 3.75203915e-01 3.76291463e-01 3.89342034e-01 3.90429581e-01
 3.99129962e-01 4.01305057e-01 4.08917890e-01 4.10005438e-01
 4.30668842e-01 4.33931485e-01 4.42631865e-01 4.43719413e-01
 4.52419793e-01 4.54051115e-01 4.59488853e-01 4.70364328e-01
 4.94290375e-01 4.96465470e-01 5.05165851e-01 5.08428494e-01
 5.18216422e-01 5.20935291e-01 5.34529636e-01 5.44317564e-01
 5.54649266e-01 5.57911909e-01 5.69331158e-01 5.74768896e-01
 5.98694943e-01 6.07939097e-01 6.34040239e-01 6.66122893e-01
 6.79717238e-01 6.81892333e-01 6.96030451e-01 7.06362153e-01
 7.20500272e-01 7.22131593e-01 7.25938010e-01 7.28656879e-01
 7.40619902e-01 7.62370854e-01 7.66177270e-01 7.67808592e-01
 7.72158782e-01 7.74877651e-01 7.78140294e-01 7.83578032e-01
 7.87384448e-01 7.90647091e-01 7.91190865e-01 8.14573138e-01
 8.20554649e-01 8.22729744e-01 8.31973899e-01 8.39586732e-01
 8.46112017e-01 8.50462208e-01 8.51549755e-01 8.52637303e-01
 8.54268624e-01 8.59706362e-01 8.65144100e-01 8.78738445e-01
 8.83632409e-01 8.83632409e-01 8.89070147e-01 8.91245242e-01
 8.91245242e-01 8.92332790e-01 8.92332790e-01 8.93420337e-01
 8.98314301e-01 9.04839587e-01 9.10821098e-01 9.11364872e-01
 9.11364872e-01 9.11908646e-01 9.11908646e-01 9.12452420e-01
 9.14627515e-01 9.16258836e-01 9.32572050e-01 9.32572050e-01
 9.33115824e-01 9.33115824e-01 9.36922240e-01 9.36922240e-01
 9.37466014e-01 9.37466014e-01 9.45078847e-01 9.45078847e-01
 9.45622621e-01 9.45622621e-01 9.48885264e-01 9.48885264e-01
 9.56498097e-01 9.56498097e-01 9.57041871e-01 9.57041871e-01
 9.57585644e-01 9.57585644e-01 9.58129418e-01 9.58129418e-01
 9.58673192e-01 9.58673192e-01 9.66829799e-01 9.66829799e-01
 9.67373573e-01 9.67373573e-01 9.67917346e-01 9.67917346e-01
 9.68461120e-01 9.68461120e-01 9.69548668e-01 9.75530179e-01
 9.75530179e-01 9.77161501e-01 9.77161501e-01 9.77705275e-01
 9.77705275e-01 9.81511691e-01 9.81511691e-01 9.88036977e-01
 9.88036977e-01 9.91299619e-01 9.94562262e-01 9.94562262e-01
 9.95649810e-01 9.95649810e-01 9.98912452e-01 9.98912452e-01
 9.99456226e-01 9.99456226e-01 1.00000000e+00 1.00000000e+00
 1.00000000e+00 1.00000000e+00]","[0.         0.         0.         0.         0.         0.
 0.         0.         0.         0.         0.         0.
 0.         0.         0.         0.         0.         0.
 0.         0.         0.         0.         0.         0.
 0.         0.         0.         0.         0.         0.
 0.         0.         0.         0.         0.         0.
 0.         0.         0.         0.         0.         0.
 0.         0.         0.         0.         0.         0.
 0.         0.         0.         0.         0.         0.
 0.         0.         0.         0.         0.         0.
 0.         0.         0.         0.         0.         0.
 0.         0.         0.         0.         0.         0.
 0.         0.         0.         0.         0.         0.
 0.         0.00367647 0.00367647 0.00735294 0.00735294 0.00735294
 0.01102941 0.01102941 0.01470588 0.01470588 0.01470588 0.01470588
 0.01470588 0.01470588 0.01838235 0.01838235 0.02205882 0.02205882
 0.02205882 0.02205882 0.04779412 0.0625     0.0625     0.09926471
 0.09926471 0.12867647 0.12867647 0.13970588 0.14338235 0.15073529
 0.15073529 0.15441176 0.15808824 0.16911765 0.17279412 0.18014706
 0.18014706 0.19117647 0.19117647 0.19485294 0.19485294 0.19852941
 0.19852941 0.20588235 0.20955882 0.22058824 0.22058824 0.23529412
 0.23529412 0.24264706 0.24264706 0.25367647 0.25367647 0.26470588
 0.29044118 0.30882353 0.34558824 0.34558824 0.39338235 0.39338235
 0.45588235 0.56617647 0.66544118 0.66911765 0.66911765 0.67279412
 0.67279412 0.68382353 0.72794118 0.78676471 0.78676471 0.82720588
 0.82720588 0.84191176 0.92279412 1.        ]"
Weight,Normal,0.16893032887095788,0.15244897969118698,0.18577414826723226,45.0,-inf,45.0,74,1750,2,285,0.9594298245614035,0.006968641114982578,0.9930313588850174,0.6660592028852619,7.248112350666605e-107,"[0.00000000e+00 5.48245614e-04 8.71710526e-02 8.82675439e-02
 1.18421053e-01 1.19517544e-01 1.34320175e-01 1.36513158e-01
 1.73793860e-01 1.74890351e-01 2.20394737e-01 2.21491228e-01
 2.63157895e-01 2.64254386e-01 3.20723684e-01 3.23464912e-01
 3.78289474e-01 3.79385965e-01 3.92543860e-01 3.93640351e-01
 4.02412281e-01 4.04605263e-01 4.12280702e-01 4.13377193e-01
 4.34210526e-01 4.37500000e-01 4.46271930e-01 4.47368421e-01
 4.56140351e-01 4.57785088e-01 4.63267544e-01 4.74232456e-01
 4.98355263e-01 5.00548246e-01 5.09320175e-01 5.12061404e-01
 5.21929825e-01 5.24122807e-01 5.37828947e-01 5.47149123e-01
 5.57565789e-01 5.59210526e-01 5.70723684e-01 5.75657895e-01
 5.99780702e-01 6.08004386e-01 6.34320175e-01 6.63925439e-01
 6.77631579e-01 6.78728070e-01 6.92982456e-01 7.02850877e-01
 7.17105263e-01 7.18201754e-01 7.22039474e-01 7.23684211e-01
 7.35745614e-01 7.50548246e-01 7.54385965e-01 7.54934211e-01
 7.59320175e-01 7.60416667e-01 7.63706140e-01 7.63706140e-01
 7.67543860e-01 7.68640351e-01 7.69188596e-01 7.83442982e-01
 7.86732456e-01 7.86732456e-01 7.88925439e-01 7.90021930e-01
 7.99342105e-01 8.01535088e-01 8.08114035e-01 8.08662281e-01
 8.09758772e-01 8.09758772e-01 8.10307018e-01 8.10307018e-01
 8.10855263e-01 8.11403509e-01 8.16885965e-01 8.24013158e-01
 8.27302632e-01 8.27302632e-01 8.28947368e-01 8.28947368e-01
 8.34429825e-01 8.36074561e-01 8.42653509e-01 8.43750000e-01
 8.46491228e-01 8.46491228e-01 8.48135965e-01 8.53070175e-01
 8.55263158e-01 8.55263158e-01 8.60745614e-01 8.61293860e-01
 8.65679825e-01 8.65679825e-01 8.67324561e-01 8.68421053e-01
 8.70614035e-01 8.71162281e-01 8.72807018e-01 8.73355263e-01
 8.78837719e-01 8.78837719e-01 8.79934211e-01 8.80482456e-01
 8.84868421e-01 8.84868421e-01 8.85964912e-01 8.85964912e-01
 8.88157895e-01 8.88157895e-01 8.90350877e-01 8.94188596e-01
 8.96929825e-01 9.02412281e-01 9.02412281e-01 9.09539474e-01
 9.09539474e-01 9.18859649e-01 9.35307018e-01 9.50109649e-01
 9.50657895e-01 9.50657895e-01 9.51206140e-01 9.51206140e-01
 9.52850877e-01 9.59429825e-01 9.68201754e-01 9.68201754e-01
 9.74232456e-01 9.74232456e-01 9.76425439e-01 9.88486842e-01
 1.00000000e+00]","[0.         0.         0.         0.         0.         0.
 0.         0.         0.         0.         0.         0.
 0.         0.         0.         0.         0.         0.
 0.         0.         0.         0.         0.         0.
 0.         0.         0.         0.         0.         0.
 0.         0.         0.         0.         0.         0.00348432
 0.00348432 0.00696864 0.00696864 0.01045296 0.01045296 0.02090592
 0.02090592 0.02439024 0.02439024 0.03135889 0.03135889 0.04878049
 0.04878049 0.05574913 0.05574913 0.05923345 0.05923345 0.06271777
 0.06271777 0.06968641 0.06968641 0.11498258 0.11498258 0.12195122
 0.12195122 0.13240418 0.13240418 0.16724739 0.16724739 0.18118467
 0.18118467 0.24041812 0.24041812 0.24390244 0.24390244 0.25087108
 0.25087108 0.28571429 0.28571429 0.31010453 0.31010453 0.31707317
 0.31707317 0.32055749 0.32055749 0.35191638 0.35191638 0.39721254
 0.39721254 0.40069686 0.40069686 0.43554007 0.43554007 0.45644599
 0.45644599 0.48780488 0.48780488 0.50174216 0.50174216 0.59930314
 0.59930314 0.60278746 0.60278746 0.62369338 0.62369338 0.6271777
 0.6271777  0.67247387 0.67247387 0.69337979 0.69337979 0.74216028
 0.74216028 0.7456446  0.7456446  0.79790941 0.79790941 0.80139373
 0.80139373 0.80487805 0.80487805 0.80836237 0.84320557 0.84320557
 0.85365854 0.85365854 0.85714286 0.85714286 0.8815331  0.8815331
 0.92334495 0.92334495 0.94425087 0.96515679 0.96515679 0.97212544
 0.97212544 0.99303136 0.99303136 0.99651568 0.99651568 1.
 1.         1.         1.        ]"
Weight,Overweight,0.3822338340953625,0.3585657036394753,0.40359653682319907,60.117993,-inf,60.117993,409,1122,11,569,0.7328543435662965,0.01896551724137931,0.9810344827586207,0.4693979594135003,1.4909142229555053e-84,"[0.00000000e+00 6.53167864e-04 1.03853690e-01 1.05160026e-01
 1.41084259e-01 1.42390594e-01 1.60026127e-01 1.62638798e-01
 2.07054213e-01 2.08360549e-01 2.62573481e-01 2.63879817e-01
 3.13520575e-01 3.14826911e-01 3.82103201e-01 3.85369040e-01
 4.50685826e-01 4.51338994e-01 4.53298498e-01 4.53298498e-01
 4.65708687e-01 4.67015023e-01 4.69627694e-01 4.69627694e-01
 4.70280862e-01 4.70280862e-01 4.75506205e-01 4.75506205e-01
 4.76159373e-01 4.76159373e-01 4.82691052e-01 4.82691052e-01
 4.83997387e-01 4.85303723e-01 4.86610059e-01 4.86610059e-01
 4.89222730e-01 4.89222730e-01 4.90529066e-01 4.90529066e-01
 4.91835402e-01 4.91835402e-01 4.96407577e-01 4.96407577e-01
 4.97060745e-01 4.97060745e-01 4.97713912e-01 4.97713912e-01
 4.98367080e-01 4.98367080e-01 5.00979752e-01 5.00979752e-01
 5.02286088e-01 5.05551927e-01 5.10777270e-01 5.10777270e-01
 5.11430438e-01 5.11430438e-01 5.14043109e-01 5.14043109e-01
 5.14696277e-01 5.15349445e-01 5.15349445e-01 5.16002613e-01
 5.16002613e-01 5.16655781e-01 5.16655781e-01 5.18615284e-01
 5.18615284e-01 5.19268452e-01 5.21881123e-01 5.21881123e-01
 5.22534291e-01 5.22534291e-01 5.24493795e-01 5.32984977e-01
 5.32984977e-01 5.33638145e-01 5.33638145e-01 5.35597649e-01
 5.35597649e-01 5.36250816e-01 5.36250816e-01 5.36903984e-01
 5.36903984e-01 5.37557152e-01 5.37557152e-01 5.38210320e-01
 5.38210320e-01 5.39516656e-01 5.39516656e-01 5.40169824e-01
 5.40169824e-01 5.42129327e-01 5.42129327e-01 5.42782495e-01
 5.42782495e-01 5.43435663e-01 5.44088831e-01 5.44088831e-01
 5.44741999e-01 5.44741999e-01 5.45395167e-01 5.45395167e-01
 5.46048334e-01 5.46048334e-01 5.47354670e-01 5.47354670e-01
 5.48007838e-01 5.48007838e-01 5.48661006e-01 5.48661006e-01
 5.49314174e-01 5.50620509e-01 5.50620509e-01 5.51273677e-01
 5.51273677e-01 5.53886349e-01 5.53886349e-01 5.55192685e-01
 5.55845852e-01 5.55845852e-01 5.57152188e-01 5.57152188e-01
 5.57805356e-01 5.57805356e-01 5.59764860e-01 5.59764860e-01
 5.61724363e-01 5.61724363e-01 5.62377531e-01 5.62377531e-01
 5.64337035e-01 5.64337035e-01 5.66949706e-01 5.68256042e-01
 5.68256042e-01 5.68909210e-01 5.68909210e-01 5.71521881e-01
 5.71521881e-01 5.73481385e-01 5.73481385e-01 5.78706728e-01
 5.78706728e-01 5.80013063e-01 5.80013063e-01 5.80666231e-01
 5.80666231e-01 5.82625735e-01 5.82625735e-01 5.85238406e-01
 5.85238406e-01 5.94382756e-01 5.95689092e-01 5.95689092e-01
 5.98301764e-01 5.98301764e-01 5.98954931e-01 5.98954931e-01
 5.99608099e-01 5.99608099e-01 6.00261267e-01 6.00261267e-01
 6.01567603e-01 6.01567603e-01 6.02220771e-01 6.02220771e-01
 6.02873939e-01 6.02873939e-01 6.03527106e-01 6.03527106e-01
 6.04180274e-01 6.04180274e-01 6.20509471e-01 6.20509471e-01
 6.21162639e-01 6.21162639e-01 6.21815807e-01 6.21815807e-01
 6.22468975e-01 6.22468975e-01 6.23122142e-01 6.23122142e-01
 6.23775310e-01 6.23775310e-01 6.24428478e-01 6.24428478e-01
 6.25081646e-01 6.25081646e-01 6.26387982e-01 6.27041150e-01
 6.27041150e-01 6.27694317e-01 6.27694317e-01 6.28347485e-01
 6.28347485e-01 6.29000653e-01 6.29000653e-01 6.29653821e-01
 6.29653821e-01 6.32919660e-01 6.32919660e-01 6.35532332e-01
 6.35532332e-01 6.36185500e-01 6.36185500e-01 6.36838668e-01
 6.36838668e-01 6.37491835e-01 6.37491835e-01 6.39451339e-01
 6.40104507e-01 6.40104507e-01 6.44023514e-01 6.45329850e-01
 6.45329850e-01 6.45983018e-01 6.45983018e-01 6.47289353e-01
 6.47289353e-01 6.56433703e-01 6.56433703e-01 6.57740039e-01
 6.57740039e-01 6.59699543e-01 6.59699543e-01 6.66231221e-01
 6.66231221e-01 6.68843893e-01 6.68843893e-01 6.79947747e-01
 6.79947747e-01 6.80600914e-01 6.80600914e-01 6.81907250e-01
 6.81907250e-01 6.88438929e-01 6.88438929e-01 6.93011104e-01
 6.93011104e-01 6.94317440e-01 6.94317440e-01 6.94970607e-01
 6.94970607e-01 7.00849118e-01 7.00849118e-01 7.09993468e-01
 7.09993468e-01 7.10646636e-01 7.10646636e-01 7.11299804e-01
 7.17831483e-01 7.17831483e-01 7.18484651e-01 7.18484651e-01
 7.19137818e-01 7.19137818e-01 7.23056826e-01 7.23056826e-01
 7.28935336e-01 7.28935336e-01 7.29588504e-01 7.29588504e-01
 7.30241672e-01 7.30241672e-01 7.32854344e-01 7.32854344e-01
 7.55715219e-01 7.65512737e-01 7.69431744e-01 7.77269758e-01
 7.86414108e-01 7.87720444e-01 7.87720444e-01 7.88373612e-01
 7.92945787e-01 7.94905291e-01 8.04702809e-01 8.06009144e-01
 8.06009144e-01 8.07968648e-01 8.07968648e-01 8.08621816e-01
 8.08621816e-01 8.11234487e-01 8.21685173e-01 8.23644677e-01
 8.23644677e-01 8.30829523e-01 8.30829523e-01 8.31482691e-01
 8.39973873e-01 8.44546048e-01 8.49771391e-01 8.65447420e-01
 8.70019595e-01 8.81123449e-01 9.08556499e-01 9.26192031e-01
 9.30764206e-01 9.34683214e-01 9.35336381e-01 9.36642717e-01
 9.38602221e-01 9.50359242e-01 9.71913782e-01 9.86283475e-01
 1.00000000e+00]","[0.         0.         0.         0.         0.         0.
 0.         0.         0.         0.         0.         0.
 0.         0.         0.         0.         0.         0.00172414
 0.00172414 0.00517241 0.00517241 0.00517241 0.00517241 0.00689655
 0.00689655 0.00862069 0.00862069 0.01034483 0.01551724 0.01724138
 0.01724138 0.01896552 0.01896552 0.01896552 0.01896552 0.02068966
 0.02068966 0.02241379 0.02241379 0.02413793 0.02413793 0.02931034
 0.02931034 0.03103448 0.03103448 0.03275862 0.03275862 0.0362069
 0.0362069  0.03793103 0.03793103 0.03965517 0.03965517 0.04137931
 0.04137931 0.04310345 0.04310345 0.04482759 0.04482759 0.04655172
 0.04827586 0.04827586 0.05172414 0.05172414 0.05862069 0.05862069
 0.06206897 0.06206897 0.06551724 0.06896552 0.06896552 0.07068966
 0.07068966 0.07241379 0.07241379 0.08448276 0.0862069  0.0862069
 0.08793103 0.08793103 0.08965517 0.08965517 0.1        0.1
 0.11034483 0.11034483 0.11551724 0.11551724 0.11724138 0.11724138
 0.12586207 0.12586207 0.12931034 0.12931034 0.13103448 0.13103448
 0.13275862 0.13275862 0.13793103 0.14482759 0.14482759 0.14827586
 0.14827586 0.15172414 0.15172414 0.16034483 0.16724138 0.17758621
 0.17758621 0.18793103 0.18793103 0.19310345 0.19310345 0.19827586
 0.2        0.2        0.20862069 0.20862069 0.23275862 0.26034483
 0.26034483 0.27413793 0.27413793 0.27758621 0.27758621 0.27931034
 0.27931034 0.28103448 0.2862069  0.29137931 0.29137931 0.31034483
 0.31034483 0.31551724 0.32586207 0.32586207 0.32931034 0.32931034
 0.33103448 0.33103448 0.33275862 0.33275862 0.33793103 0.33793103
 0.34137931 0.34137931 0.34310345 0.34310345 0.34655172 0.34655172
 0.35172414 0.35172414 0.35344828 0.35862069 0.35862069 0.36034483
 0.36034483 0.36724138 0.36724138 0.36896552 0.36896552 0.37586207
 0.37586207 0.38448276 0.38448276 0.3862069  0.3862069  0.38793103
 0.38793103 0.40172414 0.40172414 0.41034483 0.41034483 0.41551724
 0.47413793 0.47931034 0.47931034 0.48103448 0.48103448 0.48275862
 0.48275862 0.48793103 0.48793103 0.48965517 0.48965517 0.49137931
 0.49137931 0.50344828 0.50344828 0.50517241 0.50862069 0.50862069
 0.52413793 0.52413793 0.53103448 0.53103448 0.53448276 0.53448276
 0.54137931 0.54137931 0.54482759 0.56896552 0.57758621 0.57758621
 0.57931034 0.57931034 0.58793103 0.58793103 0.58965517 0.58965517
 0.59655172 0.59655172 0.6        0.60172414 0.60172414 0.60689655
 0.62413793 0.62413793 0.63103448 0.63103448 0.63965517 0.68448276
 0.69655172 0.69827586 0.71206897 0.71551724 0.72586207 0.72586207
 0.73793103 0.74137931 0.74310345 0.78793103 0.79827586 0.79827586
 0.80517241 0.80862069 0.83793103 0.84482759 0.86551724 0.86724138
 0.87068966 0.87068966 0.87241379 0.87241379 0.87413793 0.87586207
 0.89310345 0.9137931  0.92413793 0.92413793 0.92758621 0.92758621
 0.92758621 0.93448276 0.93448276 0.93793103 0.93793103 0.94137931
 0.94655172 0.96724138 0.97068966 0.97241379 0.97241379 0.97413793
 0.97413793 0.97586207 0.97586207 0.98103448 0.98448276 0.98448276
 0.9862069  0.9862069  0.98793103 0.98793103 0.98965517 0.98965517
 0.98965517 0.98965517 0.98965517 0.98965517 0.99137931 0.99137931
 0.99310345 0.99310345 0.99482759 0.99482759 0.99482759 0.99482759
 0.99655172 0.99655172 0.99827586 0.99827586 1.         1.
 1.         1.         1.         1.         1.         1.
 1.         1.         1.         1.         1.         1.
 1.         1.         1.        ]"
Weight,Obesity,0.966689789975323,0.9603493422427979,0.9722212824597624,89.93889,89.93889,inf,1087,52,151,821,0.0456540825285338,0.15534979423868311,0.8446502057613169,0.798996123232783,2.7e-322,"[0.00000000e+00 0.00000000e+00 0.00000000e+00 0.00000000e+00
 0.00000000e+00 0.00000000e+00 0.00000000e+00 0.00000000e+00
 0.00000000e+00 0.00000000e+00 0.00000000e+00 0.00000000e+00
 0.00000000e+00 0.00000000e+00 0.00000000e+00 0.00000000e+00
 0.00000000e+00 8.77963126e-04 8.77963126e-04 2.63388938e-03
 2.63388938e-03 2.63388938e-03 2.63388938e-03 3.51185250e-03
 3.51185250e-03 4.38981563e-03 4.38981563e-03 5.26777875e-03
 7.90166813e-03 8.77963126e-03 8.77963126e-03 9.65759438e-03
 9.65759438e-03 9.65759438e-03 9.65759438e-03 1.05355575e-02
 1.05355575e-02 1.14135206e-02 1.14135206e-02 1.22914838e-02
 1.22914838e-02 1.49253731e-02 1.49253731e-02 1.58033363e-02
 1.58033363e-02 1.66812994e-02 1.66812994e-02 1.84372256e-02
 1.84372256e-02 1.93151888e-02 1.93151888e-02 2.01931519e-02
 2.01931519e-02 2.10711150e-02 2.10711150e-02 2.19490781e-02
 2.19490781e-02 2.28270413e-02 2.28270413e-02 2.37050044e-02
 2.45829675e-02 2.45829675e-02 2.63388938e-02 2.63388938e-02
 2.98507463e-02 2.98507463e-02 3.16066725e-02 3.16066725e-02
 3.33625988e-02 3.51185250e-02 3.51185250e-02 3.59964881e-02
 3.59964881e-02 3.68744513e-02 3.68744513e-02 4.30201932e-02
 4.38981563e-02 4.38981563e-02 4.47761194e-02 4.47761194e-02
 4.56540825e-02 4.56540825e-02 5.09218613e-02 5.09218613e-02
 5.61896400e-02 5.61896400e-02 5.88235294e-02 5.88235294e-02
 5.97014925e-02 5.97014925e-02 6.40913082e-02 6.40913082e-02
 6.58472344e-02 6.58472344e-02 6.67251975e-02 6.67251975e-02
 6.76031607e-02 6.76031607e-02 7.02370500e-02 7.37489025e-02
 7.37489025e-02 7.55048288e-02 7.55048288e-02 7.72607550e-02
 7.72607550e-02 8.16505707e-02 8.60403863e-02 9.13081651e-02
 9.13081651e-02 9.65759438e-02 9.65759438e-02 9.92098332e-02
 9.92098332e-02 1.02721686e-01 1.03599649e-01 1.03599649e-01
 1.07989464e-01 1.07989464e-01 1.20280948e-01 1.35206321e-01
 1.35206321e-01 1.42230026e-01 1.42230026e-01 1.43985953e-01
 1.43985953e-01 1.44863916e-01 1.44863916e-01 1.45741879e-01
 1.51009658e-01 1.53643547e-01 1.53643547e-01 1.63301141e-01
 1.63301141e-01 1.65935031e-01 1.72080773e-01 1.72080773e-01
 1.73836699e-01 1.73836699e-01 1.74714662e-01 1.74714662e-01
 1.75592625e-01 1.75592625e-01 1.78226514e-01 1.78226514e-01
 1.79982441e-01 1.79982441e-01 1.80860404e-01 1.80860404e-01
 1.82616330e-01 1.82616330e-01 1.85250219e-01 1.85250219e-01
 1.86128183e-01 1.90517998e-01 1.90517998e-01 1.91395961e-01
 1.91395961e-01 1.94907814e-01 1.94907814e-01 1.95785777e-01
 1.95785777e-01 1.99297629e-01 1.99297629e-01 2.03687445e-01
 2.03687445e-01 2.04565408e-01 2.04565408e-01 2.05443371e-01
 2.05443371e-01 2.12467076e-01 2.12467076e-01 2.16856892e-01
 2.16856892e-01 2.19490781e-01 2.53731343e-01 2.56365233e-01
 2.56365233e-01 2.57243196e-01 2.57243196e-01 2.58121159e-01
 2.58121159e-01 2.60755048e-01 2.60755048e-01 2.61633011e-01
 2.61633011e-01 2.62510975e-01 2.62510975e-01 2.68656716e-01
 2.68656716e-01 2.69534680e-01 2.73046532e-01 2.73046532e-01
 2.80948200e-01 2.80948200e-01 2.84460053e-01 2.84460053e-01
 2.86215979e-01 2.86215979e-01 2.89727831e-01 2.89727831e-01
 2.91483758e-01 3.04653205e-01 3.09043020e-01 3.09043020e-01
 3.09920983e-01 3.09920983e-01 3.14310799e-01 3.14310799e-01
 3.15188762e-01 3.15188762e-01 3.18700615e-01 3.18700615e-01
 3.21334504e-01 3.22212467e-01 3.22212467e-01 3.26602283e-01
 3.35381914e-01 3.35381914e-01 3.38893766e-01 3.38893766e-01
 3.43283582e-01 3.77524144e-01 3.83669886e-01 3.86303775e-01
 3.93327480e-01 3.97717296e-01 4.02985075e-01 4.11764706e-01
 4.17910448e-01 4.23178227e-01 4.24056190e-01 4.61808604e-01
 4.71466198e-01 4.74978051e-01 4.89903424e-01 5.02194908e-01
 5.12730465e-01 5.19754170e-01 5.21510097e-01 5.23266023e-01
 5.25899912e-01 5.34679543e-01 5.43459175e-01 5.66286216e-01
 5.75065847e-01 5.83845478e-01 5.92625110e-01 6.00526778e-01
 6.11062335e-01 6.20719930e-01 6.25109745e-01 6.28621598e-01
 6.31255487e-01 6.63740123e-01 6.76909570e-01 6.83055312e-01
 6.93590869e-01 7.06760316e-01 7.10272169e-01 7.16417910e-01
 7.19051800e-01 7.32221247e-01 7.43634767e-01 7.57682177e-01
 7.72607550e-01 7.84899034e-01 7.91044776e-01 7.98068481e-01
 8.19139596e-01 8.25285338e-01 8.40210711e-01 8.77085162e-01
 9.00790167e-01 9.06935909e-01 9.12203687e-01 9.13081651e-01
 9.14837577e-01 9.17471466e-01 9.33274802e-01 9.62247586e-01
 9.81562774e-01 1.00000000e+00]","[0.         0.00102881 0.16358025 0.16563786 0.22222222 0.22427984
 0.25205761 0.25617284 0.32613169 0.3281893  0.41358025 0.41563786
 0.49382716 0.49588477 0.60185185 0.60699588 0.70987654 0.71090535
 0.71399177 0.71399177 0.73353909 0.73559671 0.73971193 0.73971193
 0.74074074 0.74074074 0.74897119 0.74897119 0.75       0.75
 0.76028807 0.76028807 0.76234568 0.76440329 0.76646091 0.76646091
 0.77057613 0.77057613 0.77263374 0.77263374 0.77469136 0.77469136
 0.781893   0.781893   0.78292181 0.78292181 0.78395062 0.78395062
 0.78497942 0.78497942 0.78909465 0.78909465 0.79115226 0.7962963
 0.80452675 0.80452675 0.80555556 0.80555556 0.80967078 0.80967078
 0.81069959 0.8117284  0.8117284  0.8127572  0.8127572  0.81378601
 0.81378601 0.81687243 0.81687243 0.81790123 0.82201646 0.82201646
 0.82304527 0.82304527 0.82613169 0.83950617 0.83950617 0.84053498
 0.84053498 0.8436214  0.8436214  0.84465021 0.84465021 0.84567901
 0.84567901 0.84670782 0.84670782 0.84773663 0.84773663 0.84979424
 0.84979424 0.85082305 0.85082305 0.85390947 0.85390947 0.85493827
 0.85493827 0.85596708 0.85699588 0.85699588 0.85802469 0.85802469
 0.8590535  0.8590535  0.8600823  0.8600823  0.86111111 0.86111111
 0.86213992 0.86213992 0.86316872 0.86316872 0.86419753 0.86522634
 0.86522634 0.86625514 0.86625514 0.87037037 0.87037037 0.87139918
 0.87242798 0.87242798 0.8744856  0.8744856  0.8755144  0.8755144
 0.87860082 0.87860082 0.87860082 0.87860082 0.87962963 0.87962963
 0.88271605 0.88271605 0.88580247 0.88786008 0.88786008 0.88888889
 0.88888889 0.89300412 0.89300412 0.89609053 0.89609053 0.90432099
 0.90432099 0.9063786  0.9063786  0.90740741 0.90740741 0.91049383
 0.91049383 0.91460905 0.91460905 0.92695473 0.92901235 0.92901235
 0.93312757 0.93312757 0.93415638 0.93415638 0.93518519 0.93518519
 0.93621399 0.93621399 0.9382716  0.9382716  0.93930041 0.93930041
 0.94032922 0.94032922 0.94135802 0.94135802 0.94238683 0.94238683
 0.96296296 0.96296296 0.96399177 0.96399177 0.96502058 0.96502058
 0.96604938 0.96604938 0.96707819 0.96707819 0.968107   0.968107
 0.9691358  0.9691358  0.97016461 0.97016461 0.97016461 0.97119342
 0.97119342 0.97222222 0.97222222 0.97325103 0.97325103 0.97427984
 0.97427984 0.97530864 0.97530864 0.97942387 0.97942387 0.98353909
 0.98353909 0.9845679  0.9845679  0.98559671 0.98559671 0.98662551
 0.98662551 0.98971193 0.98971193 0.98971193 0.99588477 0.99588477
 0.99588477 0.99691358 0.99691358 0.99897119 0.99897119 1.
 1.         1.         1.         1.         1.         1.
 1.         1.         1.         1.         1.         1.
 1.         1.         1.         1.         1.         1.
 1.         1.         1.         1.         1.         1.
 1.         1.         1.         1.         1.         1.
 1.         1.         1.         1.         1.         1.
 1.         1.         1.         1.         1.         1.
 1.         1.         1.         1.         1.         1.
 1.         1.         1.         1.         1.         1.
 1.         1.         1.         1.         1.         1.        ]"
FCVC,Insufficient,0.5389667898154368,0.505420289565201,0.5756503723045262,2.336044,2.336044,inf,944,895,93,179,0.4866775421424687,0.34191176470588236,0.6580882352941176,0.17141069315164892,1.474190024394019e-06,"[0.         0.30940729 0.31484502 0.31484502 0.31593257 0.31593257
 0.31647635 0.31647635 0.31973899 0.32028276 0.32191408 0.32191408
 0.32300163 0.32300163 0.3257205  0.3257205  0.32843937 0.32952692
 0.33278956 0.33278956 0.33333333 0.33333333 0.33713975 0.33768352
 0.33877107 0.33877107 0.33985862 0.33985862 0.34366504 0.34366504
 0.34475258 0.34475258 0.34529636 0.34529636 0.34584013 0.34584013
 0.3463839  0.3463839  0.34964655 0.35073409 0.35182164 0.35182164
 0.35236542 0.35236542 0.35399674 0.35399674 0.35454051 0.35454051
 0.35562806 0.35562806 0.36160957 0.36160957 0.36215334 0.36215334
 0.36378467 0.36378467 0.36595976 0.36595976 0.36704731 0.36704731
 0.37030995 0.37030995 0.37085372 0.37302882 0.37411637 0.37411637
 0.37955411 0.38064165 0.38064165 0.38336052 0.38336052 0.38716694
 0.38716694 0.39097336 0.39097336 0.3920609  0.39314845 0.394236
 0.394236   0.39477977 0.39477977 0.39858619 0.39858619 0.40402393
 0.40402393 0.40565525 0.40565525 0.40619902 0.40674279 0.40728657
 0.40728657 0.40783034 0.40783034 0.41054921 0.41054921 0.41163676
 0.41163676 0.41435563 0.41435563 0.41761827 0.41761827 0.41816204
 0.41816204 0.42033714 0.42033714 0.42686243 0.42794997 0.42849375
 0.42849375 0.42958129 0.42958129 0.43012507 0.43012507 0.43447526
 0.43447526 0.43501903 0.43501903 0.43665035 0.43665035 0.439913
 0.44045677 0.44100054 0.44100054 0.44208809 0.44208809 0.44752583
 0.44752583 0.4480696  0.4480696  0.45078847 0.45078847 0.45622621
 0.45622621 0.45948885 0.45948885 0.46003263 0.46003263 0.46438282
 0.46438282 0.46601414 0.46710169 0.46710169 0.46764546 0.46764546
 0.46927678 0.46927678 0.47199565 0.4730832  0.47471452 0.47580207
 0.47688961 0.47743339 0.48178358 0.48178358 0.48232735 0.48232735
 0.48504622 0.48504622 0.48667754 0.48667754 0.49265905 0.49265905
 0.49646547 0.49646547 0.50516585 0.50516585 0.51821642 0.51821642
 0.52637303 0.5269168  0.52963567 0.52963567 0.53017945 0.53452964
 0.53452964 0.54866775 0.54866775 0.5497553  0.55084285 0.55519304
 0.55519304 0.57150625 0.57150625 0.57640022 0.57640022 0.57803154
 0.57803154 0.57857531 0.57857531 0.59216966 0.59216966 0.59651985
 0.59651985 0.59978249 0.59978249 0.60141381 0.60141381 0.60467645
 0.91027732 0.92006525 0.92006525 0.92822186 0.92822186 0.93094073
 0.93094073 0.93529092 0.93529092 0.93637847 0.93637847 0.93964111
 0.93964111 0.9439913  0.9439913  0.94616639 0.94616639 0.94888526
 0.94888526 0.94942904 0.94942904 0.95269168 0.95269168 0.95541055
 0.95541055 0.95758564 0.95758564 0.96737357 0.96737357 0.97063622
 0.97063622 0.97226754 0.97226754 0.97444263 0.97444263 0.97498641
 0.97498641 0.97553018 0.97553018 0.97770527 0.97770527 0.97879282
 0.97879282 0.98042414 0.98042414 0.98314301 0.98314301 0.98368679
 0.98368679 0.98423056 0.98423056 1.        ]","[0.         0.30514706 0.30514706 0.3125     0.3125     0.31617647
 0.31617647 0.31985294 0.31985294 0.32352941 0.32352941 0.33088235
 0.33088235 0.33455882 0.33455882 0.33823529 0.33823529 0.33823529
 0.33823529 0.34191176 0.34191176 0.34558824 0.34558824 0.34926471
 0.34926471 0.35294118 0.35294118 0.35661765 0.35661765 0.36397059
 0.36397059 0.36764706 0.36764706 0.37132353 0.37132353 0.375
 0.375      0.38235294 0.38235294 0.38235294 0.38235294 0.39338235
 0.39338235 0.40441176 0.40441176 0.40808824 0.40808824 0.41544118
 0.41544118 0.41911765 0.41911765 0.42279412 0.42279412 0.42647059
 0.42647059 0.43014706 0.43014706 0.43382353 0.43382353 0.4375
 0.4375     0.44117647 0.44485294 0.44485294 0.44485294 0.44852941
 0.44852941 0.44852941 0.45220588 0.45220588 0.45588235 0.45588235
 0.45955882 0.45955882 0.46323529 0.46323529 0.46323529 0.46323529
 0.47058824 0.47058824 0.47426471 0.47426471 0.47794118 0.47794118
 0.48529412 0.48529412 0.49264706 0.49264706 0.49632353 0.49632353
 0.50367647 0.50367647 0.50735294 0.50735294 0.51102941 0.51102941
 0.51470588 0.51470588 0.52205882 0.52205882 0.52573529 0.52573529
 0.52941176 0.52941176 0.53308824 0.53308824 0.53308824 0.53308824
 0.53676471 0.53676471 0.54044118 0.54044118 0.54411765 0.54411765
 0.55147059 0.55147059 0.5625     0.5625     0.56617647 0.56617647
 0.56985294 0.56985294 0.57352941 0.57352941 0.58455882 0.58455882
 0.59191176 0.59191176 0.59558824 0.59558824 0.59926471 0.59926471
 0.60294118 0.60294118 0.61029412 0.61029412 0.61397059 0.61397059
 0.62132353 0.62132353 0.62132353 0.62867647 0.62867647 0.63235294
 0.63235294 0.63602941 0.63602941 0.63602941 0.63602941 0.63602941
 0.63602941 0.63970588 0.63970588 0.64338235 0.64338235 0.64705882
 0.64705882 0.65073529 0.65073529 0.65808824 0.65808824 0.66176471
 0.66176471 0.66544118 0.66544118 0.66911765 0.66911765 0.67279412
 0.67279412 0.67647059 0.67647059 0.68014706 0.68382353 0.68382353
 0.6875     0.6875     0.69117647 0.69117647 0.69117647 0.69117647
 0.69485294 0.69485294 0.69852941 0.69852941 0.70220588 0.70220588
 0.70588235 0.70588235 0.70955882 0.70955882 0.71323529 0.71323529
 0.71691176 0.71691176 0.72058824 0.72058824 0.72426471 0.72426471
 0.86397059 0.86397059 0.86764706 0.86764706 0.875      0.875
 0.87867647 0.87867647 0.88235294 0.88235294 0.88602941 0.88602941
 0.88970588 0.88970588 0.89338235 0.89338235 0.90073529 0.90073529
 0.90441176 0.90441176 0.90808824 0.90808824 0.91176471 0.91176471
 0.91544118 0.91544118 0.91911765 0.91911765 0.92279412 0.92279412
 0.92647059 0.92647059 0.93014706 0.93014706 0.9375     0.9375
 0.94117647 0.94117647 0.94485294 0.94485294 0.95588235 0.95588235
 0.95955882 0.95955882 0.96323529 0.96323529 0.97426471 0.97426471
 0.97794118 0.97794118 0.98529412 1.        ]"
FCVC,Normal,0.45925121492756277,0.42044207094004454,0.49988737388409626,3.0,-inf,3.0,1286,538,173,114,0.2949561403508772,0.6027874564459931,0.3972125435540069,0.25794096521792287,5.07964367751767e-15,"[0.         0.29495614 0.30756579 0.30866228 0.31140351 0.3125
 0.31907895 0.32017544 0.32894737 0.33004386 0.34703947 0.34813596
 0.37664474 0.37774123 0.37993421 0.3810307  0.3870614  0.38815789
 0.40186404 0.40296053 0.42050439 0.42160088 0.44736842 0.44846491
 0.46546053 0.46655702 0.5        0.50109649 0.50822368 0.50932018
 0.51096491 0.5120614  0.51315789 0.51425439 0.5685307  0.56962719
 0.57291667 0.57401316 0.59484649 0.59594298 0.65515351 0.89912281
 0.99177632 1.        ]","[0.         0.39721254 0.39721254 0.39721254 0.39721254 0.39721254
 0.39721254 0.39721254 0.39721254 0.39721254 0.39721254 0.39721254
 0.39721254 0.39721254 0.39721254 0.39721254 0.39721254 0.39721254
 0.39721254 0.39721254 0.39721254 0.39721254 0.39721254 0.39721254
 0.39721254 0.39721254 0.39721254 0.39721254 0.39721254 0.39721254
 0.39721254 0.39721254 0.39721254 0.39721254 0.39721254 0.39721254
 0.39721254 0.39721254 0.39721254 0.39721254 0.39721254 0.93728223
 0.93728223 1.        ]"
FCVC,Overweight,0.36619856303069886,0.34358218374776833,0.3902706497561215,1.570089,-inf,1.570089,88,1443,24,556,0.9425212279555846,0.041379310344827586,0.9586206896551724,0.2505799680172977,1.0436164512565802e-23,"[0.         0.37426519 0.37753103 0.37753103 0.3821032  0.3821032
 0.38471587 0.38471587 0.38602221 0.38602221 0.38863488 0.38994121
 0.39320705 0.39320705 0.39516656 0.39516656 0.39647289 0.39712606
 0.39777923 0.39777923 0.3984324  0.3984324  0.39908556 0.39908556
 0.39973873 0.39973873 0.40365774 0.40431091 0.40692358 0.40692358
 0.40888308 0.40888308 0.41410843 0.41410843 0.4186806  0.4186806
 0.41998694 0.41998694 0.4206401  0.42129327 0.42194644 0.42194644
 0.42717178 0.42717178 0.42782495 0.42782495 0.43239713 0.43239713
 0.4369693  0.4369693  0.44023514 0.44023514 0.44088831 0.44088831
 0.44284781 0.44284781 0.44415415 0.44415415 0.44676682 0.44741999
 0.44741999 0.44937949 0.45003266 0.45068583 0.45068583 0.4532985
 0.4532985  0.45395167 0.45395167 0.45460483 0.455258   0.455258
 0.45656434 0.45656434 0.4572175  0.4572175  0.45917701 0.45917701
 0.46178968 0.46178968 0.46374918 0.46374918 0.46505552 0.46505552
 0.46701502 0.46701502 0.46832136 0.46832136 0.46897453 0.46897453
 0.47419987 0.47419987 0.48007838 0.48007838 0.48073155 0.48073155
 0.48203788 0.48203788 0.48399739 0.48399739 0.48530372 0.48530372
 0.48661006 0.48661006 0.49444807 0.49444807 0.49706074 0.49706074
 0.49771391 0.49771391 0.49902025 0.49902025 0.50228609 0.50228609
 0.50293926 0.50424559 0.50424559 0.50489876 0.50489876 0.50620509
 0.50620509 0.50947093 0.50947093 0.51077727 0.51077727 0.51208361
 0.51208361 0.51665578 0.51665578 0.51992162 0.52057479 0.52188112
 0.52188112 0.52449379 0.52449379 0.52514696 0.52514696 0.5264533
 0.5264533  0.53037231 0.53037231 0.53167864 0.53167864 0.53233181
 0.53233181 0.53821032 0.53821032 0.54016982 0.54016982 0.54539517
 0.54539517 0.54604833 0.54604833 0.54800784 0.54800784 0.54866101
 0.54931417 0.55258001 0.55258001 0.55453952 0.55453952 0.55519268
 0.55584585 0.55649902 0.55649902 0.55715219 0.55780536 0.55911169
 0.55976486 0.56041803 0.56041803 0.5630307  0.5630307  0.56368387
 0.56368387 0.56433703 0.56433703 0.56564337 0.56564337 0.56694971
 0.56694971 0.57021555 0.57021555 0.57086871 0.57086871 0.57282822
 0.57282822 0.57544089 0.57544089 0.5793599  0.5793599  0.58001306
 0.58001306 0.58066623 0.58066623 0.5813194  0.5813194  0.58262573
 0.58262573 0.5832789  0.5832789  0.58458524 0.58458524 0.58523841
 0.58523841 0.58850425 0.58850425 0.58915741 0.58915741 0.59046375
 0.59046375 0.59177008 0.59177008 0.59307642 0.59307642 0.59830176
 0.59830176 0.6015676  0.6015676  0.60287394 0.60287394 0.60483344
 0.60548661 0.61136512 0.61136512 0.61201829 0.61201829 0.61267146
 0.61267146 0.61397779 0.61397779 0.61724363 0.61724363 0.6178968
 0.6178968  0.61854997 0.61854997 0.62116264 0.62116264 0.62377531
 0.62377531 0.62508165 0.62573481 0.62573481 0.62638798 0.62638798
 0.62834749 0.62834749 0.62900065 0.62900065 0.63030699 0.63030699
 0.63291966 0.63291966 0.634226   0.634226   0.63487916 0.63487916
 0.63749184 0.63749184 0.63879817 0.63879817 0.64337035 0.64337035
 0.64467668 0.64467668 0.64859569 0.64859569 0.65120836 0.65120836
 0.6525147  0.6525147  0.65382103 0.65382103 0.6564337  0.6564337
 0.65708687 0.65708687 0.65774004 0.65774004 0.66100588 0.66100588
 0.66296538 0.66296538 0.66492489 0.66492489 0.66557805 0.66557805
 0.66753756 0.66753756 0.66949706 0.66949706 0.90986283 0.91247551
 0.91247551 0.91378184 0.91378184 0.91443501 0.91443501 0.91508818
 0.91508818 0.91574135 0.91574135 0.91704768 0.91704768 0.91835402
 0.91835402 0.91900718 0.91900718 0.92161986 0.92161986 0.92292619
 0.92292619 0.92619203 0.92619203 0.92945787 0.92945787 0.93011104
 0.93011104 0.93141737 0.93141737 0.93272371 0.93272371 0.93468321
 0.93468321 0.93533638 0.93533638 0.93860222 0.93860222 0.93990856
 0.93990856 0.94056172 0.94056172 0.94186806 0.94186806 0.94252123
 0.94252123 0.9470934  0.9470934  0.95297191 0.95297191 0.95362508
 0.95362508 0.96080993 0.96080993 0.9614631  0.9614631  0.96276943
 0.96276943 0.96799477 0.96799477 0.96995428 0.96995428 0.97126061
 0.97126061 0.97387329 0.97387329 0.97452645 0.97452645 0.97517962
 0.97517962 0.97648596 0.97648596 0.97713912 0.97713912 0.98301764
 1.        ]","[0.         0.1362069  0.1362069  0.14482759 0.14482759 0.14655172
 0.14655172 0.14827586 0.14827586 0.15       0.15       0.15
 0.15       0.15172414 0.15172414 0.15344828 0.15344828 0.15517241
 0.15517241 0.15862069 0.15862069 0.16206897 0.16206897 0.1637931
 0.1637931  0.16551724 0.16551724 0.16724138 0.16724138 0.16896552
 0.16896552 0.17241379 0.17241379 0.17413793 0.17413793 0.17586207
 0.17586207 0.17758621 0.17758621 0.17931034 0.17931034 0.18103448
 0.18103448 0.18448276 0.18448276 0.1862069  0.1862069  0.18793103
 0.18793103 0.18965517 0.18965517 0.19137931 0.19137931 0.19482759
 0.19482759 0.19655172 0.19655172 0.20172414 0.20172414 0.20344828
 0.20517241 0.20517241 0.20689655 0.20689655 0.20862069 0.20862069
 0.21206897 0.21206897 0.21551724 0.21724138 0.21724138 0.21896552
 0.21896552 0.22241379 0.22241379 0.22758621 0.22758621 0.22931034
 0.22931034 0.23275862 0.23275862 0.2362069  0.2362069  0.23793103
 0.23793103 0.23965517 0.23965517 0.24310345 0.24310345 0.24482759
 0.24482759 0.25       0.25       0.25172414 0.25344828 0.25517241
 0.25517241 0.25689655 0.25689655 0.26034483 0.26034483 0.2637931
 0.2637931  0.26551724 0.26551724 0.26724138 0.26724138 0.26896552
 0.26896552 0.27068966 0.27068966 0.27241379 0.27241379 0.27586207
 0.27586207 0.27586207 0.27758621 0.27758621 0.27931034 0.27931034
 0.28103448 0.28103448 0.28275862 0.28275862 0.28448276 0.28448276
 0.2862069  0.2862069  0.28793103 0.28793103 0.28965517 0.28965517
 0.29137931 0.29137931 0.29310345 0.29310345 0.29655172 0.29655172
 0.3        0.3        0.30172414 0.30172414 0.30517241 0.30517241
 0.30862069 0.30862069 0.31206897 0.31206897 0.3137931  0.3137931
 0.31551724 0.31551724 0.31724138 0.31724138 0.32068966 0.32068966
 0.32241379 0.32241379 0.32413793 0.32413793 0.32931034 0.32931034
 0.33103448 0.33103448 0.33275862 0.33275862 0.33448276 0.33448276
 0.3362069  0.3362069  0.33793103 0.33793103 0.34137931 0.34137931
 0.34310345 0.34310345 0.34655172 0.34655172 0.34827586 0.34827586
 0.35       0.35       0.35344828 0.35344828 0.35517241 0.35517241
 0.35689655 0.35689655 0.35862069 0.35862069 0.36206897 0.36206897
 0.3637931  0.3637931  0.36896552 0.36896552 0.37413793 0.37413793
 0.37586207 0.37586207 0.37758621 0.37758621 0.37931034 0.37931034
 0.38103448 0.38103448 0.38448276 0.38448276 0.3862069  0.3862069
 0.38793103 0.38793103 0.38965517 0.38965517 0.39137931 0.39137931
 0.39310345 0.39310345 0.39655172 0.39655172 0.40172414 0.40172414
 0.40344828 0.40344828 0.40517241 0.40517241 0.40689655 0.40689655
 0.40862069 0.40862069 0.41034483 0.41034483 0.4137931  0.4137931
 0.41551724 0.41551724 0.41724138 0.41724138 0.41896552 0.41896552
 0.42068966 0.42068966 0.42068966 0.42586207 0.42586207 0.42758621
 0.42758621 0.42931034 0.42931034 0.43103448 0.43103448 0.43448276
 0.43448276 0.4362069  0.4362069  0.43793103 0.43793103 0.43965517
 0.43965517 0.44310345 0.44310345 0.44482759 0.44482759 0.44655172
 0.44655172 0.45172414 0.45172414 0.45344828 0.45344828 0.45862069
 0.45862069 0.46034483 0.46034483 0.46206897 0.46206897 0.46551724
 0.46551724 0.46724138 0.46724138 0.47068966 0.47068966 0.47241379
 0.47241379 0.47413793 0.47413793 0.48275862 0.48275862 0.48448276
 0.48448276 0.48793103 0.48793103 0.48965517 0.88965517 0.88965517
 0.89137931 0.89137931 0.89655172 0.89655172 0.9        0.9
 0.90344828 0.90344828 0.90517241 0.90517241 0.91206897 0.91206897
 0.91896552 0.91896552 0.92068966 0.92068966 0.92413793 0.92413793
 0.92586207 0.92586207 0.93103448 0.93103448 0.93793103 0.93793103
 0.93965517 0.93965517 0.94137931 0.94137931 0.94482759 0.94482759
 0.94655172 0.94655172 0.95       0.95       0.95172414 0.95172414
 0.95344828 0.95344828 0.95517241 0.95517241 0.95689655 0.95689655
 0.95862069 0.95862069 0.96034483 0.96034483 0.96206897 0.96206897
 0.9637931  0.9637931  0.96551724 0.96551724 0.97241379 0.97241379
 0.97413793 0.97413793 0.97586207 0.97586207 0.97758621 0.97758621
 0.97931034 0.97931034 0.98103448 0.98103448 0.98275862 0.98275862
 0.98448276 0.98448276 0.9862069  0.9862069  0.98793103 0.98793103
 1.        ]"
FCVC,Obesity,0.6089803343485911,0.5842869201606008,0.631565310655481,2.014194,2.014194,inf,555,584,263,709,0.5127304653204565,0.2705761316872428,0.7294238683127572,0.21669340299230067,4.64207906492319e-22,"[0.         0.24231782 0.24231782 0.24846356 0.24846356 0.24934153
 0.24934153 0.25109745 0.25109745 0.25197542 0.25285338 0.25373134
 0.25373134 0.25548727 0.25548727 0.25636523 0.25636523 0.25812116
 0.25812116 0.25899912 0.25899912 0.25987709 0.25987709 0.26163301
 0.26163301 0.26690079 0.26690079 0.26865672 0.26865672 0.26953468
 0.26953468 0.27129061 0.27129061 0.27304653 0.27304653 0.27480246
 0.27480246 0.27743635 0.27743635 0.27831431 0.27831431 0.28007024
 0.28007024 0.2809482  0.2809482  0.28182616 0.28182616 0.28270413
 0.28270413 0.28621598 0.28621598 0.28884987 0.28884987 0.29411765
 0.29411765 0.29499561 0.29499561 0.29587357 0.29587357 0.2976295
 0.2976295  0.29850746 0.29850746 0.30201932 0.30201932 0.30377524
 0.30377524 0.30728709 0.30728709 0.30816506 0.30992098 0.31079895
 0.31079895 0.31167691 0.31343284 0.31343284 0.31518876 0.31518876
 0.31694469 0.31782265 0.31957858 0.31957858 0.32484636 0.32484636
 0.32660228 0.32660228 0.32835821 0.32835821 0.3309921  0.3309921
 0.33187006 0.33187006 0.33538191 0.33538191 0.33713784 0.33713784
 0.3380158  0.3380158  0.33889377 0.33889377 0.34152766 0.34152766
 0.34328358 0.34328358 0.34591747 0.3476734  0.35206321 0.35206321
 0.35381914 0.35381914 0.35733099 0.35733099 0.35820896 0.35820896
 0.35996488 0.35996488 0.36259877 0.36259877 0.36523266 0.36523266
 0.36611062 0.36611062 0.36786655 0.36786655 0.36786655 0.37050044
 0.37050044 0.37313433 0.37313433 0.37401229 0.37401229 0.38015803
 0.38015803 0.38191396 0.38191396 0.38366989 0.38366989 0.38542581
 0.38542581 0.38893766 0.38893766 0.39069359 0.39069359 0.39244952
 0.39244952 0.39420544 0.39420544 0.39596137 0.39596137 0.40035119
 0.40035119 0.40298507 0.40298507 0.40561896 0.40561896 0.40649693
 0.40649693 0.40737489 0.40737489 0.40825285 0.40825285 0.41176471
 0.41176471 0.41264267 0.4143986  0.4143986  0.41527656 0.41527656
 0.41615452 0.41615452 0.41703248 0.41703248 0.41966637 0.41966637
 0.42054434 0.42054434 0.4214223  0.4214223  0.42230026 0.42230026
 0.42405619 0.42405619 0.42493415 0.42493415 0.43107989 0.43107989
 0.43283582 0.43283582 0.43371378 0.43371378 0.43546971 0.43546971
 0.43722564 0.43722564 0.4381036  0.4381036  0.43898156 0.43898156
 0.43985953 0.43985953 0.44073749 0.44073749 0.44161545 0.44161545
 0.44337138 0.44337138 0.44424934 0.44424934 0.44688323 0.44688323
 0.44951712 0.44951712 0.45215101 0.45215101 0.45302897 0.45302897
 0.45390694 0.45390694 0.45566286 0.45566286 0.45654083 0.45654083
 0.45741879 0.45741879 0.45829675 0.45829675 0.46005268 0.46005268
 0.46093064 0.46093064 0.46268657 0.46356453 0.46619842 0.46619842
 0.46707638 0.46883231 0.46883231 0.47058824 0.47058824 0.4714662
 0.4714662  0.47234416 0.47234416 0.47322212 0.47322212 0.47497805
 0.47497805 0.47585601 0.47585601 0.47673398 0.47673398 0.47761194
 0.47761194 0.4784899  0.4784899  0.47936787 0.47936787 0.47936787
 0.48200176 0.48200176 0.48287972 0.48287972 0.48463565 0.48463565
 0.48551361 0.48551361 0.48726953 0.48726953 0.4881475  0.4881475
 0.48902546 0.48902546 0.48990342 0.48990342 0.49165935 0.49165935
 0.49253731 0.49253731 0.49341528 0.49341528 0.49429324 0.49429324
 0.49692713 0.49692713 0.49780509 0.49780509 0.50043898 0.50043898
 0.50307287 0.50307287 0.50395083 0.50395083 0.5048288  0.5048288
 0.50658472 0.50658472 0.50746269 0.50746269 0.50921861 0.50921861
 0.51009658 0.51009658 0.51097454 0.51097454 0.5118525  0.5118525
 0.51273047 0.51273047 0.51887621 0.51887621 0.5215101  0.5215101
 0.52238806 0.89552239 0.89552239 0.89640035 0.89640035 0.89903424
 0.89903424 0.90079017 0.90079017 0.90254609 0.90254609 0.90430202
 0.90430202 0.90781387 0.90781387 0.91132572 0.91132572 0.91220369
 0.91220369 0.91571554 0.91571554 0.91747147 0.91747147 0.92010536
 0.92010536 0.92098332 0.92098332 0.92537313 0.92537313 0.92712906
 0.92712906 0.92800702 0.92800702 0.92976295 0.92976295 0.93151888
 0.93151888 0.93503073 0.93503073 0.93590869 0.93590869 0.93942054
 0.93942054 0.94029851 0.94029851 0.94205443 0.94205443 0.94381036
 0.94381036 0.94468832 0.94468832 0.94556629 0.94556629 0.94644425
 0.94644425 0.94820018 0.94820018 0.95258999 0.95258999 0.95346795
 0.95346795 0.95434592 0.95434592 0.95785777 0.95785777 0.9596137
 0.9596137  0.96312555 0.96312555 0.96575944 0.96575944 0.96751536
 0.96751536 0.96839333 0.96839333 0.96927129 0.96927129 0.97190518
 0.97190518 0.97278314 0.97278314 0.97453907 1.        ]","[0.         0.38683128 0.39197531 0.39197531 0.39403292 0.39403292
 0.39506173 0.39506173 0.39917695 0.39917695 0.40020576 0.40020576
 0.40226337 0.40226337 0.40432099 0.40432099 0.40843621 0.40843621
 0.41049383 0.41049383 0.41255144 0.41358025 0.41460905 0.41460905
 0.41563786 0.41563786 0.4218107  0.4218107  0.42386831 0.42386831
 0.42489712 0.42489712 0.42695473 0.42695473 0.43004115 0.43004115
 0.43209877 0.43209877 0.43312757 0.43312757 0.43415638 0.43415638
 0.43518519 0.43518519 0.4372428  0.4372428  0.4382716  0.43930041
 0.44032922 0.44032922 0.44135802 0.44135802 0.44238683 0.44238683
 0.44444444 0.44444444 0.44650206 0.44650206 0.4537037  0.4537037
 0.45473251 0.45473251 0.45679012 0.45679012 0.45884774 0.45884774
 0.45987654 0.45987654 0.46296296 0.46296296 0.46296296 0.46296296
 0.46604938 0.46707819 0.46707819 0.47119342 0.47119342 0.47222222
 0.47222222 0.47325103 0.47325103 0.47530864 0.47530864 0.47839506
 0.47839506 0.48148148 0.48148148 0.48353909 0.48353909 0.48559671
 0.48559671 0.48662551 0.48662551 0.48765432 0.48765432 0.48868313
 0.48868313 0.49074074 0.49074074 0.49588477 0.49588477 0.49794239
 0.49794239 0.50102881 0.50102881 0.50102881 0.50102881 0.50308642
 0.50308642 0.50411523 0.50411523 0.50514403 0.50514403 0.50823045
 0.50823045 0.51440329 0.51440329 0.51748971 0.51748971 0.51954733
 0.51954733 0.52469136 0.52469136 0.52572016 0.52777778 0.52777778
 0.52880658 0.52880658 0.53292181 0.53292181 0.53497942 0.53497942
 0.53806584 0.53806584 0.54320988 0.54320988 0.54423868 0.54423868
 0.54526749 0.54526749 0.5462963  0.5462963  0.54835391 0.54835391
 0.55041152 0.55041152 0.55144033 0.55144033 0.55349794 0.55349794
 0.5617284  0.5617284  0.56481481 0.56481481 0.56584362 0.56584362
 0.56995885 0.56995885 0.57098765 0.57098765 0.57201646 0.57201646
 0.57304527 0.57407407 0.57407407 0.57510288 0.57510288 0.57613169
 0.57613169 0.57716049 0.57716049 0.5781893  0.5781893  0.57921811
 0.58024691 0.58127572 0.58127572 0.58230453 0.58333333 0.58539095
 0.58539095 0.58641975 0.58641975 0.59053498 0.59053498 0.59259259
 0.59259259 0.5936214  0.5936214  0.59465021 0.59465021 0.59670782
 0.59670782 0.59773663 0.59773663 0.60082305 0.60082305 0.60185185
 0.60185185 0.60390947 0.60390947 0.60802469 0.60802469 0.6090535
 0.6090535  0.6100823  0.6100823  0.61111111 0.61111111 0.61213992
 0.61213992 0.61419753 0.61419753 0.61625514 0.61625514 0.61728395
 0.61728395 0.62242798 0.62242798 0.62345679 0.62345679 0.6255144
 0.6255144  0.62757202 0.62757202 0.62962963 0.62962963 0.63683128
 0.63683128 0.64197531 0.64197531 0.64300412 0.64300412 0.64506173
 0.64506173 0.64506173 0.65329218 0.65329218 0.65432099 0.65432099
 0.65534979 0.65534979 0.65740741 0.65740741 0.66255144 0.66255144
 0.66358025 0.66358025 0.66460905 0.66460905 0.66872428 0.66872428
 0.67078189 0.67078189 0.6718107  0.6718107  0.67386831 0.67489712
 0.67489712 0.67592593 0.67592593 0.67798354 0.67798354 0.67901235
 0.67901235 0.68106996 0.68106996 0.68518519 0.68518519 0.6872428
 0.6872428  0.6882716  0.6882716  0.69238683 0.69238683 0.69444444
 0.69444444 0.69855967 0.69855967 0.70061728 0.70061728 0.7026749
 0.7026749  0.7037037  0.7037037  0.70679012 0.70679012 0.70987654
 0.70987654 0.71193416 0.71193416 0.71399177 0.71399177 0.718107
 0.718107   0.7191358  0.7191358  0.72016461 0.72016461 0.72222222
 0.72222222 0.72427984 0.72427984 0.72736626 0.72736626 0.72839506
 0.72839506 0.72942387 0.72942387 0.73148148 0.73148148 0.7345679
 0.7345679  0.91460905 0.91872428 0.91872428 0.92078189 0.92078189
 0.9218107  0.9218107  0.92283951 0.92283951 0.92386831 0.92386831
 0.92489712 0.92489712 0.92695473 0.92695473 0.92798354 0.92798354
 0.93004115 0.93004115 0.93209877 0.93209877 0.93621399 0.93621399
 0.9372428  0.9372428  0.93930041 0.93930041 0.94032922 0.94032922
 0.94135802 0.94135802 0.94341564 0.94341564 0.94547325 0.94547325
 0.94650206 0.94650206 0.94958848 0.94958848 0.95061728 0.95061728
 0.9526749  0.9526749  0.9537037  0.9537037  0.95884774 0.95884774
 0.96193416 0.96193416 0.96707819 0.96707819 0.968107   0.968107
 0.97839506 0.97839506 0.97942387 0.97942387 0.98045267 0.98045267
 0.98148148 0.98148148 0.98559671 0.98559671 0.98662551 0.98662551
 0.98868313 0.98868313 0.98971193 0.98971193 0.99074074 0.99074074
 0.99176955 0.99176955 0.99279835 0.99279835 0.99382716 0.99382716
 0.99485597 0.99485597 0.99588477 0.99588477 1.        ]"
NCP,Insufficient,0.6461532002686884,0.6049221214380112,0.685684312755111,3.03779,3.03779,inf,1724,115,161,111,0.06253398586188146,0.5919117647058824,0.40808823529411764,0.34555424943223617,1.0490401368828004e-25,"[0.         0.02175095 0.02229473 0.02229473 0.0228385  0.0228385
 0.02555737 0.02664492 0.02664492 0.02718869 0.02718869 0.02773246
 0.02773246 0.02827624 0.02827624 0.02936378 0.02936378 0.03045133
 0.03045133 0.03153888 0.03153888 0.03208265 0.03208265 0.03262643
 0.03262643 0.0331702  0.0331702  0.03425775 0.03425775 0.03480152
 0.03480152 0.0353453  0.03697662 0.03697662 0.03915171 0.03915171
 0.03969549 0.04023926 0.04023926 0.04132681 0.04132681 0.04187058
 0.04187058 0.04241436 0.04241436 0.0435019  0.0435019  0.04404568
 0.04404568 0.045677   0.045677   0.04785209 0.04785209 0.04893964
 0.04893964 0.04948341 0.04948341 0.05002719 0.05002719 0.05057096
 0.05057096 0.05111474 0.05111474 0.05220228 0.05220228 0.05274606
 0.05274606 0.05383361 0.05383361 0.05492115 0.05492115 0.0560087
 0.0560087  0.05655247 0.05655247 0.05709625 0.05709625 0.05764002
 0.05764002 0.0581838  0.0581838  0.06199021 0.06199021 0.06253399
 0.06253399 0.06362153 0.66721044 0.67264818 0.67264818 0.6846112
 0.6846112  0.70418706 0.70418706 0.70581838 0.70581838 0.71071234
 0.71071234 0.71832518 0.71832518 0.72485046 0.72485046 0.72593801
 0.73572594 0.73572594 0.74877651 0.74877651 0.74986406 0.74986406
 0.7509516  0.7509516  0.75747689 0.75747689 0.78085916 0.78085916
 0.78955954 0.78955954 0.79771615 0.79771615 0.80532898 0.80532898
 0.80587276 0.80587276 0.81185427 0.81185427 0.81239804 0.81239804
 0.81892333 0.8194671  0.82109842 0.82109842 0.8319739  0.83251767
 0.83251767 0.83360522 0.83360522 0.83414899 0.83414899 0.83686786
 0.83686786 0.84121805 0.84121805 0.84284937 0.84284937 0.84774334
 0.84774334 0.85209353 0.85209353 0.85807504 0.85807504 0.8673192
 0.8673192  0.86895052 0.86895052 0.87330071 0.87330071 0.87873844
 0.87873844 0.8879826  0.8879826  0.88907015 0.89287656 0.89287656
 0.89342034 0.89342034 0.89396411 0.89396411 0.89559543 0.89559543
 0.90592713 1.        ]","[0.         0.10661765 0.10661765 0.11397059 0.11397059 0.12132353
 0.12132353 0.12132353 0.125      0.125      0.12867647 0.12867647
 0.13235294 0.13235294 0.15073529 0.15073529 0.15441176 0.15441176
 0.16176471 0.16176471 0.16911765 0.16911765 0.18014706 0.18014706
 0.1875     0.1875     0.19117647 0.19117647 0.19485294 0.19485294
 0.20588235 0.20955882 0.20955882 0.22058824 0.22058824 0.24264706
 0.24264706 0.24632353 0.25       0.25       0.25735294 0.25735294
 0.27573529 0.27573529 0.30147059 0.30147059 0.30514706 0.30514706
 0.30882353 0.30882353 0.3125     0.3125     0.31985294 0.31985294
 0.33455882 0.33455882 0.33823529 0.33823529 0.34191176 0.34191176
 0.34558824 0.34558824 0.35294118 0.35294118 0.35661765 0.35661765
 0.36397059 0.36397059 0.37132353 0.37132353 0.375      0.375
 0.38235294 0.38235294 0.38602941 0.38602941 0.38970588 0.38970588
 0.39338235 0.39338235 0.40073529 0.40073529 0.40441176 0.40441176
 0.40808824 0.40808824 0.75       0.75       0.75367647 0.75367647
 0.76102941 0.76102941 0.76470588 0.76470588 0.76838235 0.76838235
 0.77205882 0.77205882 0.77573529 0.77573529 0.77941176 0.77941176
 0.77941176 0.78308824 0.78308824 0.78676471 0.78676471 0.79044118
 0.79044118 0.79411765 0.79411765 0.79779412 0.79779412 0.80147059
 0.80147059 0.80514706 0.80514706 0.80882353 0.80882353 0.8125
 0.8125     0.81617647 0.81617647 0.81985294 0.81985294 0.82352941
 0.82352941 0.82720588 0.82720588 0.83088235 0.83088235 0.83455882
 0.83823529 0.83823529 0.84191176 0.84191176 0.84558824 0.84558824
 0.84926471 0.84926471 0.85294118 0.85294118 0.86029412 0.86029412
 0.86397059 0.86397059 0.86764706 0.86764706 0.87132353 0.87132353
 0.875      0.875      0.87867647 0.87867647 0.88235294 0.88235294
 0.88602941 0.88602941 0.88970588 0.88970588 0.88970588 0.89338235
 0.89338235 0.89705882 0.89705882 0.90073529 0.90073529 0.90441176
 0.90441176 1.        ]"
NCP,Normal,0.5505321994009414,0.5166954373920021,0.5826434469713135,3.0,3.0,inf,628,1196,52,235,0.6557017543859649,0.18118466898954705,0.8188153310104529,0.16311357662448805,3.104376146474046e-06,"[0.         0.02192982 0.02796053 0.02905702 0.04989035 0.05098684
 0.06030702 0.06140351 0.10910088 0.65570175 0.71820175 0.71929825
 0.74342105 0.74451754 0.81962719 0.82072368 0.83388158 0.83497807
 0.89912281 0.9002193  0.91940789 1.        ]","[0.         0.1010453  0.1010453  0.1010453  0.1010453  0.1010453
 0.1010453  0.1010453  0.1010453  0.81881533 0.81881533 0.81881533
 0.81881533 0.81881533 0.81881533 0.81881533 0.81881533 0.81881533
 0.81881533 0.81881533 0.81881533 1.        ]"
NCP,Overweight,0.41148561904547404,0.38426296121206693,0.4413768491463674,3.000974,-inf,3.000974,1379,152,504,76,0.09928151534944481,0.8689655172413793,0.13103448275862073,0.2239746390684475,5.449686871497238e-19,"[0.         0.0385369  0.0385369  0.03984324 0.03984324 0.04180274
 0.04180274 0.04245591 0.04245591 0.04310908 0.04376225 0.04376225
 0.04441541 0.04441541 0.04898759 0.04898759 0.04964076 0.04964076
 0.05094709 0.05094709 0.05747877 0.05747877 0.05813194 0.05813194
 0.05878511 0.05878511 0.06074461 0.06139778 0.06205095 0.06205095
 0.06401045 0.06401045 0.06792946 0.06792946 0.06858263 0.06923579
 0.06923579 0.07054213 0.07054213 0.07380797 0.07380797 0.07838014
 0.07838014 0.07903331 0.07903331 0.07968648 0.07968648 0.08033965
 0.08033965 0.08164598 0.08164598 0.08425865 0.08425865 0.08491182
 0.08491182 0.08556499 0.08556499 0.08621816 0.08621816 0.089484
 0.089484   0.09079033 0.09079033 0.09209667 0.09209667 0.093403
 0.093403   0.09470934 0.09470934 0.09536251 0.09536251 0.09601568
 0.09601568 0.09666884 0.09666884 0.09797518 0.09797518 0.09862835
 0.09862835 0.09928152 0.09928152 0.73742652 0.73807969 0.73807969
 0.73938602 0.73938602 0.74983671 0.74983671 0.75244938 0.75244938
 0.75571522 0.75571522 0.75898106 0.75898106 0.76028739 0.76028739
 0.76094056 0.76094056 0.76355323 0.76355323 0.7642064  0.7642064
 0.76485957 0.76485957 0.76943174 0.76943174 0.77335075 0.77335075
 0.77857609 0.77857609 0.77922926 0.77922926 0.77988243 0.77988243
 0.7805356  0.7805356  0.78184193 0.78184193 0.7824951  0.7824951
 0.78314827 0.78314827 0.78380144 0.78380144 0.78641411 0.78641411
 0.78706728 0.78706728 0.78772044 0.78772044 0.78837361 0.78837361
 0.78902678 0.78902678 0.78967995 0.78967995 0.79098628 0.79098628
 0.79359895 0.79359895 0.79425212 0.79425212 0.79490529 0.79490529
 0.79555846 0.79555846 0.79621163 0.79621163 0.79686479 0.79686479
 0.79751796 0.79751796 0.7988243  0.7988243  0.79947747 0.80013063
 0.8007838  0.8007838  0.80143697 0.80143697 0.80209014 0.80209014
 0.80274331 0.80274331 0.80339647 0.80339647 0.80535598 0.80535598
 0.80731548 0.80731548 0.80796865 0.80796865 0.80862182 0.80862182
 0.81058132 0.81058132 0.81188766 0.81188766 0.81450033 0.81450033
 0.81580666 0.81580666 0.81776617 0.81776617 0.81841933 0.81841933
 0.81972567 0.81972567 0.82103201 0.82103201 0.82233834 0.82233834
 0.82429784 0.82429784 0.82495101 0.82495101 0.82952319 0.82952319
 0.83017636 0.83017636 0.83278903 0.83278903 0.8354017  0.8354017
 0.8373612  0.8373612  0.83801437 0.83801437 0.84258654 0.84258654
 0.84323971 0.84323971 0.84389288 0.84389288 0.84715872 0.84715872
 0.84781189 0.84781189 0.84911822 0.84911822 0.85238406 0.85238406
 0.85303723 0.85303723 0.85434357 0.85434357 0.85499673 0.85499673
 0.85695624 0.85695624 0.85760941 0.85760941 0.85826257 0.85826257
 0.86022208 0.86087524 0.86218158 0.86218158 0.86283475 0.86283475
 0.86348792 0.86348792 0.86479425 0.86479425 0.86675376 0.86675376
 0.86740692 0.86740692 0.86806009 0.86806009 0.8700196  0.8700196
 0.87132593 0.87132593 0.8719791  0.8719791  0.87263227 0.87263227
 0.87328543 0.87328543 0.87720444 0.87720444 0.87785761 0.87785761
 0.87851078 0.87851078 0.87916395 0.87916395 0.88242978 0.88242978
 0.88308295 0.88308295 0.88504246 0.88504246 0.88634879 0.88634879
 0.88700196 0.88700196 0.8883083  0.8883083  0.88896146 0.88896146
 0.89353364 0.89353364 0.89614631 0.89614631 0.89875898 0.89875898
 0.89941215 0.89941215 0.90006532 0.90006532 0.90202482 0.90202482
 0.90267799 0.90267799 0.90463749 0.90463749 0.90529066 0.90529066
 0.90920967 0.90920967 0.90920967 0.910516   0.910516   0.91247551
 0.91247551 0.91574135 0.91574135 0.91639451 0.91639451 0.91704768
 0.91704768 0.91770085 0.91770085 0.91966035 0.91966035 0.92357936
 1.        ]","[0.         0.01724138 0.01896552 0.01896552 0.02068966 0.02068966
 0.02241379 0.02241379 0.02586207 0.02758621 0.02758621 0.02931034
 0.02931034 0.03103448 0.03103448 0.03448276 0.03448276 0.03793103
 0.03793103 0.03965517 0.03965517 0.04137931 0.04137931 0.04482759
 0.04482759 0.04655172 0.04655172 0.04827586 0.04827586 0.05172414
 0.05172414 0.05862069 0.05862069 0.06034483 0.06206897 0.06206897
 0.06551724 0.06551724 0.06724138 0.06724138 0.06896552 0.06896552
 0.07241379 0.07241379 0.07413793 0.07413793 0.07931034 0.07931034
 0.0862069  0.0862069  0.08965517 0.08965517 0.09137931 0.09137931
 0.09310345 0.09310345 0.09482759 0.09482759 0.09655172 0.09655172
 0.09827586 0.09827586 0.10172414 0.10172414 0.10344828 0.10344828
 0.10689655 0.10689655 0.10862069 0.10862069 0.11034483 0.11034483
 0.11206897 0.11206897 0.1137931  0.1137931  0.12586207 0.12586207
 0.12758621 0.12758621 0.13103448 0.52068966 0.52068966 0.52241379
 0.52241379 0.52586207 0.52586207 0.53275862 0.53275862 0.53448276
 0.53448276 0.5362069  0.5362069  0.53793103 0.53793103 0.53965517
 0.53965517 0.54137931 0.54137931 0.54655172 0.54655172 0.54827586
 0.54827586 0.55       0.55       0.55344828 0.55344828 0.55517241
 0.55517241 0.55862069 0.55862069 0.56034483 0.56034483 0.56206897
 0.56206897 0.56724138 0.56724138 0.56896552 0.56896552 0.57068966
 0.57068966 0.57241379 0.57241379 0.57586207 0.57586207 0.58275862
 0.58275862 0.58448276 0.58448276 0.58793103 0.58793103 0.59655172
 0.59655172 0.6        0.6        0.60172414 0.60172414 0.60862069
 0.60862069 0.61206897 0.61206897 0.6137931  0.6137931  0.61551724
 0.61551724 0.62068966 0.62068966 0.62586207 0.62586207 0.62931034
 0.62931034 0.63103448 0.63103448 0.63275862 0.63275862 0.63448276
 0.63448276 0.63793103 0.63793103 0.63965517 0.63965517 0.64310345
 0.64310345 0.64827586 0.64827586 0.65       0.65       0.65172414
 0.65172414 0.65517241 0.65517241 0.65689655 0.65689655 0.66034483
 0.66034483 0.6637931  0.6637931  0.66896552 0.66896552 0.67413793
 0.67413793 0.67586207 0.67586207 0.67758621 0.67758621 0.68103448
 0.68103448 0.6862069  0.6862069  0.68965517 0.68965517 0.69310345
 0.69310345 0.69655172 0.69655172 0.7        0.7        0.70172414
 0.70172414 0.70344828 0.70344828 0.70517241 0.70517241 0.70689655
 0.70689655 0.71034483 0.71034483 0.71551724 0.71551724 0.71724138
 0.71724138 0.72068966 0.72068966 0.72241379 0.72241379 0.72413793
 0.72413793 0.72758621 0.72758621 0.73103448 0.73103448 0.73275862
 0.73448276 0.73965517 0.73965517 0.74137931 0.74137931 0.74482759
 0.74482759 0.74827586 0.74827586 0.75172414 0.75172414 0.75689655
 0.75689655 0.75862069 0.75862069 0.76034483 0.76034483 0.76206897
 0.76206897 0.7637931  0.7637931  0.76551724 0.76551724 0.76896552
 0.76896552 0.77068966 0.77068966 0.77413793 0.77413793 0.77586207
 0.77586207 0.77931034 0.77931034 0.78103448 0.78103448 0.78275862
 0.78275862 0.7862069  0.7862069  0.78793103 0.78793103 0.78965517
 0.78965517 0.79137931 0.79137931 0.79310345 0.79310345 0.79827586
 0.79827586 0.8        0.8        0.80172414 0.80172414 0.80344828
 0.80344828 0.80517241 0.80517241 0.80689655 0.80689655 0.80862069
 0.80862069 0.81034483 0.81034483 0.81206897 0.81206897 0.8137931
 0.8137931  0.81551724 0.81551724 0.82241379 0.82241379 0.82758621
 0.82758621 0.82931034 0.82931034 0.83103448 0.83103448 0.83275862
 0.83275862 0.8362069  0.83793103 0.83793103 0.84137931 0.84137931
 0.84310345 0.84310345 0.84482759 0.84482759 0.84655172 0.84655172
 0.84827586 0.84827586 0.85344828 0.85344828 0.85862069 0.85862069
 1.        ]"
NCP,Obesity,0.48106688778330575,0.45815640076253233,0.5037906861232513,1.000283,1.000283,inf,160,979,39,933,0.8595258999122037,0.040123456790123455,0.9598765432098766,0.17729435610617933,6.989443526632079e-15,"[0.         0.05970149 0.06496927 0.06496927 0.06584723 0.06584723
 0.06760316 0.06848112 0.07287094 0.07287094 0.08428446 0.08428446
 0.08604039 0.08604039 0.08867428 0.08867428 0.09833187 0.1000878
 0.1000878  0.11413521 0.11589113 0.15891133 0.15891133 0.16681299
 0.16681299 0.18964004 0.65057068 0.65057068 0.65144864 0.65144864
 0.65320457 0.65320457 0.65408253 0.65408253 0.65759438 0.65759438
 0.65847234 0.65847234 0.66022827 0.66022827 0.66110623 0.66110623
 0.6619842  0.6619842  0.66286216 0.66286216 0.66374012 0.66374012
 0.66637401 0.66637401 0.66725198 0.66725198 0.66812994 0.66812994
 0.66988586 0.66988586 0.67076383 0.67076383 0.67251975 0.67251975
 0.67603161 0.67603161 0.67690957 0.67690957 0.67954346 0.67954346
 0.68042142 0.68042142 0.68129939 0.68129939 0.68481124 0.68481124
 0.68832309 0.68832309 0.69007902 0.69183494 0.69183494 0.69622476
 0.69622476 0.69798068 0.69798068 0.69885865 0.69885865 0.7023705
 0.7023705  0.70324846 0.70324846 0.70500439 0.70500439 0.70588235
 0.70588235 0.70676032 0.70676032 0.70939421 0.70939421 0.71202809
 0.71202809 0.71378402 0.71378402 0.71466198 0.71466198 0.71641791
 0.71729587 0.72168569 0.72168569 0.72344162 0.72344162 0.7260755
 0.7260755  0.72695347 0.72695347 0.72870939 0.72870939 0.73046532
 0.73046532 0.73134328 0.73134328 0.73309921 0.73309921 0.73485514
 0.73485514 0.73748903 0.73748903 0.74012291 0.74012291 0.74100088
 0.74100088 0.74187884 0.74187884 0.74363477 0.74363477 0.74714662
 0.74714662 0.74890255 0.74890255 0.75065847 0.75065847 0.7524144
 0.7524144  0.75417032 0.75417032 0.75504829 0.75504829 0.75592625
 0.75592625 0.75680421 0.75680421 0.75768218 0.75768218 0.75856014
 0.75856014 0.7594381  0.7594381  0.76119403 0.76119403 0.76382792
 0.76382792 0.76470588 0.76470588 0.76558385 0.76558385 0.76646181
 0.76646181 0.76821773 0.76821773 0.7690957  0.7690957  0.77348551
 0.77348551 0.77524144 0.77524144 0.7761194  0.77787533 0.78138718
 0.78138718 0.78226514 0.78226514 0.78402107 0.78402107 0.785777
 0.785777   0.78753292 0.78753292 0.79016681 0.79016681 0.79192274
 0.7928007  0.7928007  0.79719052 0.79719052 0.79806848 0.79806848
 0.79894644 0.79894644 0.80070237 0.80070237 0.80158033 0.80158033
 0.80421422 0.80421422 0.80860404 0.80860404 0.809482   0.809482
 0.81035996 0.81035996 0.81299385 0.81299385 0.81387182 0.81387182
 0.81650571 0.81650571 0.81738367 0.81738367 0.82177349 0.82177349
 0.82265145 0.82265145 0.82352941 0.82352941 0.82440737 0.82440737
 0.82528534 0.82528534 0.8261633  0.8261633  0.82704126 0.82704126
 0.82879719 0.82879719 0.82967515 0.82967515 0.83055312 0.83055312
 0.83143108 0.83143108 0.83230904 0.83230904 0.8358209  0.8358209
 0.83669886 0.83669886 0.83933275 0.83933275 0.84021071 0.84021071
 0.84108867 0.84108867 0.84196664 0.84196664 0.8428446  0.84460053
 0.84547849 0.84547849 0.84723442 0.84723442 0.84986831 0.84986831
 0.85074627 0.85074627 0.85338016 0.85338016 0.85425812 0.85425812
 0.85689201 0.85689201 0.8595259  0.8595259  1.        ]","[0.         0.00102881 0.00102881 0.00205761 0.00205761 0.00308642
 0.00308642 0.00411523 0.00411523 0.00514403 0.00514403 0.00617284
 0.00617284 0.00720165 0.00720165 0.00823045 0.00823045 0.00823045
 0.00925926 0.00925926 0.00925926 0.00925926 0.01131687 0.01131687
 0.01234568 0.01234568 0.70987654 0.71090535 0.71090535 0.71296296
 0.71296296 0.71707819 0.71707819 0.72839506 0.72839506 0.73251029
 0.73251029 0.7345679  0.7345679  0.73559671 0.73559671 0.74074074
 0.74074074 0.74279835 0.74279835 0.74382716 0.74382716 0.74794239
 0.74794239 0.74897119 0.74897119 0.75       0.75       0.75720165
 0.75720165 0.76028807 0.76028807 0.76234568 0.76234568 0.76954733
 0.76954733 0.77057613 0.77057613 0.77160494 0.77160494 0.77366255
 0.77366255 0.77469136 0.77469136 0.77572016 0.77572016 0.77983539
 0.77983539 0.7808642  0.7808642  0.7808642  0.781893   0.781893
 0.78292181 0.78292181 0.78395062 0.78395062 0.78600823 0.78600823
 0.78703704 0.78703704 0.78909465 0.78909465 0.79012346 0.79012346
 0.79115226 0.79115226 0.79218107 0.79218107 0.79320988 0.79320988
 0.79423868 0.79423868 0.79526749 0.79526749 0.7973251  0.7973251
 0.79835391 0.79835391 0.79938272 0.79938272 0.80041152 0.80041152
 0.80144033 0.80144033 0.80349794 0.80349794 0.80658436 0.80658436
 0.80761317 0.80761317 0.80864198 0.80864198 0.8117284  0.8117284
 0.81378601 0.81378601 0.81790123 0.81790123 0.81995885 0.81995885
 0.82304527 0.82304527 0.82407407 0.82407407 0.82613169 0.82613169
 0.82716049 0.82716049 0.82921811 0.82921811 0.83230453 0.83230453
 0.83333333 0.83333333 0.83436214 0.83436214 0.83950617 0.83950617
 0.84053498 0.84053498 0.84465021 0.84465021 0.84670782 0.84670782
 0.84773663 0.84773663 0.85082305 0.85082305 0.85185185 0.85185185
 0.85493827 0.85493827 0.85596708 0.85596708 0.85699588 0.85699588
 0.85802469 0.85802469 0.8590535  0.8590535  0.86316872 0.86316872
 0.86522634 0.86522634 0.87037037 0.87037037 0.87037037 0.87037037
 0.87139918 0.87139918 0.87242798 0.87242798 0.8755144  0.8755144
 0.87654321 0.87654321 0.87757202 0.87757202 0.88065844 0.88065844
 0.88065844 0.88168724 0.88168724 0.88374486 0.88374486 0.88477366
 0.88477366 0.88580247 0.88580247 0.88683128 0.88683128 0.88786008
 0.88786008 0.8899177  0.8899177  0.8909465  0.8909465  0.89197531
 0.89197531 0.89300412 0.89300412 0.89814815 0.89814815 0.89917695
 0.89917695 0.90020576 0.90020576 0.90534979 0.90534979 0.90843621
 0.90843621 0.91049383 0.91049383 0.91152263 0.91152263 0.91358025
 0.91358025 0.91460905 0.91460905 0.91666667 0.91666667 0.91975309
 0.91975309 0.92386831 0.92386831 0.92592593 0.92592593 0.92695473
 0.92695473 0.92798354 0.92798354 0.92901235 0.92901235 0.93004115
 0.93004115 0.93106996 0.93106996 0.93209877 0.93209877 0.93518519
 0.93518519 0.93621399 0.93621399 0.94135802 0.94135802 0.94135802
 0.94135802 0.94341564 0.94341564 0.94547325 0.94547325 0.94650206
 0.94650206 0.94855967 0.94855967 0.94958848 0.94958848 0.95061728
 0.95061728 0.9537037  0.9537037  0.95987654 1.        ]"
CH2O,Insufficient,0.42406059079422964,0.3866728894801578,0.45806370560460563,inf,-inf,inf,1839,0,272,0,0.0,1.0,0.0,0.1242043309983047,0.0011997686874135756,"[0.         0.08319739 0.08428494 0.08428494 0.08972268 0.08972268
 0.09081022 0.09081022 0.09679173 0.09679173 0.09842306 0.09842306
 0.10059815 0.10059815 0.10277325 0.10277325 0.10386079 0.10386079
 0.10712344 0.10712344 0.10821098 0.10821098 0.11038608 0.11038608
 0.11310495 0.11310495 0.1245242  0.1245242  0.12615552 0.12669929
 0.12778684 0.12778684 0.1348559  0.13594345 0.13811854 0.13811854
 0.14464383 0.14464383 0.15606308 0.15606308 0.16748233 0.16748233
 0.16911365 0.16911365 0.1805329  0.1805329  0.18651441 0.18651441
 0.19195215 0.19195215 0.19630234 0.19684611 0.19793366 0.19793366
 0.20065253 0.20065253 0.2011963  0.2011963  0.21533442 0.21533442
 0.2262099  0.2262099  0.22729744 0.22729744 0.22892877 0.22892877
 0.23164763 0.23164763 0.23817292 0.23817292 0.23926047 0.23926047
 0.23980424 0.23980424 0.24415443 0.24524198 0.25829255 0.25829255
 0.25883632 0.25883632 0.26644916 0.26644916 0.26808048 0.26916803
 0.27025557 0.27079935 0.27786841 0.27841218 0.28493747 0.28602501
 0.2903752  0.2903752  0.29635672 0.29690049 0.29690049 0.30233823
 0.30233823 0.30451332 0.30451332 0.30723219 0.30723219 0.31375748
 0.31375748 0.3153888  0.3153888  0.31702012 0.31702012 0.32300163
 0.32300163 0.32517673 0.32517673 0.3278956  0.3278956  0.33007069
 0.33007069 0.33115824 0.33115824 0.33659598 0.33659598 0.34040239
 0.34040239 0.34203371 0.34203371 0.34529636 0.3463839  0.35019032
 0.35127787 0.3610658  0.3610658  0.36704731 0.36704731 0.36759108
 0.37085372 0.3713975  0.37574769 0.37574769 0.37629146 0.37629146
 0.37846656 0.37955411 0.38879826 0.38879826 0.40184883 0.40184883
 0.4023926  0.4023926  0.40293638 0.40293638 0.41109299 0.41109299
 0.4170745  0.4170745  0.42033714 0.42033714 0.42305601 0.42305601
 0.42686243 0.42686243 0.42903752 0.42903752 0.43338771 0.43338771
 0.43719413 0.651441   0.6536161  0.6536161  0.65470364 0.65470364
 0.65579119 0.65579119 0.65742251 0.65742251 0.65851006 0.65959761
 0.66122893 0.66122893 0.66829799 0.66829799 0.66884176 0.66884176
 0.66992931 0.66992931 0.67047308 0.67047308 0.67264818 0.67264818
 0.67319195 0.67319195 0.67917346 0.67917346 0.68134856 0.68134856
 0.68297988 0.68297988 0.68841762 0.68896139 0.68950517 0.68950517
 0.69168026 0.69168026 0.69603045 0.69603045 0.69657423 0.69657423
 0.69874932 0.69874932 0.71343121 0.71343121 0.71397499 0.71397499
 0.71560631 0.71560631 0.71669386 0.71669386 0.71832518 0.71832518
 0.72050027 0.72050027 0.72104405 0.72104405 0.72158782 0.72158782
 0.73409462 0.73409462 0.73463839 0.73463839 0.73735726 0.73735726
 0.73844481 0.73844481 0.74116368 0.74170745 0.74768896 0.74877651
 0.74877651 0.75965198 0.75965198 0.7634584  0.7634584  0.76726482
 0.76726482 0.76780859 0.76780859 0.77107123 0.77107123 0.77324633
 0.77324633 0.78194671 0.78194671 0.78249048 0.78249048 0.78303426
 0.78357803 0.79336596 0.79390973 0.79390973 0.79554105 0.79554105
 0.80369766 0.80369766 0.81076672 0.81076672 0.81837955 0.81837955
 0.8194671  0.8194671  0.82001088 0.82001088 0.82109842 0.82109842
 0.8216422  0.8216422  0.82272974 0.82272974 0.82490484 0.82490484
 0.82762371 0.82762371 0.8319739  0.8319739  0.83469277 0.83469277
 0.83578032 0.83578032 0.83686786 0.83686786 0.84013051 0.84067428
 0.84339315 0.84339315 0.84719956 0.84719956 0.84828711 0.84828711
 0.84883089 0.84883089 0.84991843 0.85046221 0.8548124  0.8548124
 0.85916259 0.85916259 0.86079391 0.86079391 0.86133768 0.86133768
 0.86351278 0.86351278 0.86405655 0.86405655 0.86949429 0.86949429
 0.87003806 0.87003806 0.87112561 0.87112561 0.87710712 0.87710712
 0.87819467 0.87819467 0.87928222 0.87928222 0.88145731 0.88145731
 0.88417618 0.88471996 0.8858075  0.8858075  0.89178902 0.89178902
 0.89342034 0.89342034 0.89396411 0.89396411 0.90375204 1.        ]","[0.         0.03308824 0.03308824 0.03676471 0.03676471 0.04044118
 0.04044118 0.04779412 0.04779412 0.05147059 0.05147059 0.05514706
 0.05514706 0.05882353 0.05882353 0.0625     0.0625     0.06617647
 0.06617647 0.06985294 0.06985294 0.07352941 0.07352941 0.07720588
 0.07720588 0.08088235 0.08088235 0.08455882 0.08455882 0.08823529
 0.08823529 0.09191176 0.09191176 0.09558824 0.09558824 0.09926471
 0.09926471 0.10294118 0.10294118 0.10661765 0.10661765 0.11029412
 0.11029412 0.11397059 0.11397059 0.11764706 0.11764706 0.12132353
 0.12132353 0.125      0.125      0.12867647 0.12867647 0.13235294
 0.13235294 0.13602941 0.13602941 0.13970588 0.13970588 0.14338235
 0.14338235 0.14705882 0.14705882 0.15073529 0.15073529 0.15441176
 0.15441176 0.15808824 0.15808824 0.16176471 0.16176471 0.16544118
 0.16544118 0.16911765 0.16911765 0.16911765 0.16911765 0.17279412
 0.17279412 0.17647059 0.17647059 0.18382353 0.18382353 0.18382353
 0.18382353 0.1875     0.1875     0.19117647 0.19117647 0.19117647
 0.19117647 0.19485294 0.19485294 0.19852941 0.20220588 0.20220588
 0.20588235 0.20588235 0.20955882 0.20955882 0.21323529 0.21323529
 0.21691176 0.21691176 0.22426471 0.22426471 0.22794118 0.22794118
 0.23161765 0.23161765 0.23529412 0.23529412 0.23897059 0.23897059
 0.24264706 0.24264706 0.24632353 0.24632353 0.25       0.25
 0.25367647 0.25367647 0.25735294 0.25735294 0.25735294 0.25735294
 0.25735294 0.25735294 0.26102941 0.26102941 0.26470588 0.26838235
 0.26838235 0.27205882 0.27205882 0.27573529 0.27573529 0.27941176
 0.27941176 0.27941176 0.27941176 0.28308824 0.28308824 0.28676471
 0.28676471 0.29044118 0.29044118 0.29411765 0.29411765 0.29779412
 0.29779412 0.30147059 0.30147059 0.3125     0.3125     0.31617647
 0.31617647 0.31985294 0.31985294 0.32352941 0.32352941 0.33088235
 0.33088235 0.52941176 0.52941176 0.53308824 0.53308824 0.53676471
 0.53676471 0.54044118 0.54044118 0.54411765 0.54411765 0.54411765
 0.54411765 0.54779412 0.54779412 0.55147059 0.55147059 0.55514706
 0.55514706 0.55882353 0.55882353 0.5625     0.5625     0.56617647
 0.56617647 0.56985294 0.56985294 0.57352941 0.57352941 0.57720588
 0.57720588 0.58088235 0.58088235 0.58455882 0.58455882 0.58823529
 0.58823529 0.59191176 0.59191176 0.59558824 0.59558824 0.59926471
 0.59926471 0.60294118 0.60294118 0.60661765 0.60661765 0.61029412
 0.61029412 0.61397059 0.61397059 0.62132353 0.62132353 0.625
 0.625      0.62867647 0.62867647 0.63235294 0.63235294 0.63602941
 0.63602941 0.63970588 0.63970588 0.64338235 0.64338235 0.64705882
 0.64705882 0.65073529 0.65073529 0.65441176 0.65441176 0.65808824
 0.66176471 0.66176471 0.66911765 0.66911765 0.67279412 0.67279412
 0.67647059 0.67647059 0.68382353 0.68382353 0.6875     0.6875
 0.69117647 0.69117647 0.69485294 0.69485294 0.69852941 0.69852941
 0.70220588 0.70220588 0.70588235 0.70955882 0.70955882 0.71323529
 0.71323529 0.71691176 0.71691176 0.72058824 0.72058824 0.72426471
 0.72426471 0.72794118 0.72794118 0.73897059 0.73897059 0.74264706
 0.74264706 0.74632353 0.74632353 0.75       0.75       0.75367647
 0.75367647 0.76102941 0.76102941 0.76470588 0.76470588 0.76838235
 0.76838235 0.77205882 0.77205882 0.78308824 0.78308824 0.78676471
 0.78676471 0.79044118 0.79044118 0.79411765 0.79411765 0.79779412
 0.79779412 0.80147059 0.80147059 0.80514706 0.80514706 0.80882353
 0.80882353 0.8125     0.8125     0.81617647 0.81617647 0.81985294
 0.81985294 0.82352941 0.82352941 0.82720588 0.82720588 0.83088235
 0.83088235 0.83823529 0.83823529 0.84191176 0.84191176 0.84558824
 0.84558824 0.84926471 0.84926471 0.85294118 0.85294118 0.85661765
 0.85661765 0.86029412 0.86029412 0.86397059 0.86397059 0.86764706
 0.86764706 0.87132353 0.87132353 0.875      0.875      1.        ]"
CH2O,Normal,0.404257595207531,0.36900717030995905,0.4419845289109625,2.0,-inf,2.0,686,1138,83,204,0.6239035087719298,0.289198606271777,0.7108013937282229,0.32882893208631336,2.5323880302728678e-24,"[0.         0.06688596 0.11787281 0.1189693  0.12774123 0.12938596
 0.19462719 0.19572368 0.24945175 0.25054825 0.27576754 0.27686404
 0.27796053 0.27905702 0.28618421 0.2872807  0.29385965 0.29495614
 0.30592105 0.30701754 0.36458333 0.36567982 0.36951754 0.37061404
 0.38760965 0.38870614 0.39199561 0.39309211 0.40131579 0.40241228
 0.46820175 0.62390351 0.63322368 0.63432018 0.66885965 0.66995614
 0.73245614 0.73355263 0.73958333 0.74122807 0.78179825 0.78289474
 0.79276316 0.79385965 0.85197368 0.85307018 0.86458333 0.86567982
 0.90734649 0.90844298 0.92982456 1.        ]","[0.         0.13937282 0.13937282 0.13937282 0.13937282 0.13937282
 0.13937282 0.13937282 0.13937282 0.13937282 0.13937282 0.13937282
 0.13937282 0.13937282 0.13937282 0.13937282 0.13937282 0.13937282
 0.13937282 0.13937282 0.13937282 0.13937282 0.13937282 0.13937282
 0.13937282 0.13937282 0.13937282 0.13937282 0.13937282 0.13937282
 0.13937282 0.71080139 0.71080139 0.71080139 0.71080139 0.71080139
 0.71080139 0.71080139 0.71080139 0.71080139 0.71080139 0.71080139
 0.71080139 0.71080139 0.71080139 0.71080139 0.71080139 0.71080139
 0.71080139 0.71080139 0.71080139 1.        ]"
CH2O,Overweight,0.5124282078425191,0.48556203203221887,0.5368966933031977,1.622214,1.622214,inf,425,1106,122,458,0.7224036577400392,0.2103448275862069,0.7896551724137931,0.06725151467375391,0.04209639582326869,"[0.         0.06662312 0.06662312 0.06727629 0.06727629 0.07054213
 0.07054213 0.07184847 0.07184847 0.07380797 0.07380797 0.07707381
 0.07707381 0.08033965 0.08033965 0.08164598 0.08164598 0.08491182
 0.08491182 0.08883083 0.08883083 0.09732201 0.09732201 0.10124102
 0.10124102 0.11234487 0.11234487 0.11299804 0.11365121 0.12148922
 0.12148922 0.12344873 0.12475506 0.12475506 0.1280209  0.1280209
 0.12932724 0.12932724 0.13063357 0.13063357 0.13520575 0.13520575
 0.13585892 0.13585892 0.13847159 0.13847159 0.14304376 0.14304376
 0.1443501  0.1443501  0.14500327 0.14500327 0.14696277 0.14696277
 0.14761594 0.14761594 0.15088178 0.15088178 0.15414762 0.15414762
 0.15480078 0.15480078 0.1626388  0.1626388  0.16590464 0.16590464
 0.16982364 0.16982364 0.17700849 0.17700849 0.182887   0.182887
 0.18419334 0.18419334 0.18484651 0.18615284 0.18811234 0.18811234
 0.19137818 0.19137818 0.19268452 0.19268452 0.19333769 0.19333769
 0.19399086 0.19399086 0.19725669 0.19725669 0.19856303 0.19856303
 0.20052253 0.20052253 0.20966688 0.20966688 0.21423906 0.21423906
 0.21619856 0.21619856 0.22338341 0.22338341 0.22599608 0.22599608
 0.23122142 0.23122142 0.23448726 0.23448726 0.23840627 0.23971261
 0.23971261 0.24820379 0.24820379 0.25146963 0.25146963 0.25473547
 0.25473547 0.25800131 0.25800131 0.25996081 0.25996081 0.26061398
 0.26061398 0.26192031 0.26192031 0.26257348 0.26322665 0.26453298
 0.26583932 0.26583932 0.27106466 0.27106466 0.27171783 0.272371
 0.27302417 0.27302417 0.27759634 0.27759634 0.27890268 0.27955585
 0.27955585 0.28086218 0.28086218 0.28282169 0.28282169 0.28412802
 0.28412802 0.28608752 0.28608752 0.28674069 0.28804703 0.2887002
 0.2887002  0.2906597  0.2906597  0.2926192  0.2926192  0.30306989
 0.30306989 0.30372306 0.30372306 0.31939909 0.31939909 0.32266492
 0.32266492 0.32462443 0.32462443 0.3252776  0.3252776  0.3272371
 0.3272371  0.33180927 0.33180927 0.33572828 0.33572828 0.33768779
 0.33768779 0.33899412 0.33899412 0.33964729 0.33964729 0.34030046
 0.34030046 0.34225996 0.34225996 0.34291313 0.34291313 0.34421946
 0.34617897 0.34617897 0.34683214 0.3474853  0.35009798 0.35009798
 0.35075114 0.35075114 0.35140431 0.35140431 0.35597649 0.35597649
 0.35924233 0.35924233 0.36054866 0.36054866 0.36316133 0.3638145
 0.3638145  0.36708034 0.36773351 0.36773351 0.36903984 0.36903984
 0.37034618 0.37034618 0.37230568 0.37230568 0.37426519 0.37491835
 0.37622469 0.37622469 0.37753103 0.37753103 0.38340954 0.38340954
 0.39059438 0.39059438 0.39190072 0.39190072 0.39255389 0.39255389
 0.39320705 0.39320705 0.39451339 0.39451339 0.39516656 0.39516656
 0.39973873 0.39973873 0.40104507 0.40104507 0.40169824 0.40169824
 0.40431091 0.40431091 0.40561724 0.40561724 0.40627041 0.40627041
 0.41018942 0.41018942 0.41280209 0.41280209 0.41410843 0.41410843
 0.4206401  0.4206401  0.42717178 0.42717178 0.42782495 0.42782495
 0.43174396 0.43174396 0.43631613 0.43631613 0.4369693  0.62900065
 0.62900065 0.63161332 0.63161332 0.63226649 0.63226649 0.63291966
 0.63291966 0.634226   0.634226   0.63487916 0.63553233 0.6361855
 0.6361855  0.63749184 0.63749184 0.638145   0.638145   0.63879817
 0.63879817 0.63945134 0.63945134 0.64075767 0.64075767 0.64271718
 0.64271718 0.64402351 0.64402351 0.64663619 0.64663619 0.64728935
 0.64728935 0.64990202 0.64990202 0.65055519 0.65055519 0.65120836
 0.65120836 0.6525147  0.6525147  0.6544742  0.6544742  0.65839321
 0.65839321 0.66427172 0.66557805 0.66557805 0.66688439 0.66688439
 0.66753756 0.66753756 0.66819073 0.66819073 0.66949706 0.66949706
 0.67145656 0.67145656 0.67406924 0.67406924 0.6747224  0.6747224
 0.67537557 0.67537557 0.67602874 0.67602874 0.67733508 0.67733508
 0.67798824 0.67798824 0.68060091 0.68060091 0.68451992 0.68451992
 0.68843893 0.68843893 0.68974526 0.68974526 0.69497061 0.69497061
 0.69758328 0.69758328 0.70084912 0.70084912 0.70150229 0.70150229
 0.70280862 0.70280862 0.70346179 0.70346179 0.70411496 0.70411496
 0.70476813 0.70476813 0.71064664 0.71064664 0.71391248 0.71391248
 0.71456564 0.71587198 0.71717831 0.71717831 0.71848465 0.71848465
 0.71913782 0.71913782 0.72044415 0.72175049 0.72175049 0.72240366
 0.72240366 0.72893534 0.72893534 0.73285434 0.73285434 0.73350751
 0.73350751 0.73546702 0.73546702 0.73938602 0.73938602 0.74199869
 0.74199869 0.7459177  0.7459177  0.7478772  0.7478772  0.74853037
 0.74853037 0.74918354 0.74918354 0.75114304 0.75114304 0.75179621
 0.75179621 0.75571522 0.75702155 0.7642064  0.7642064  0.76747224
 0.76877858 0.76943174 0.76943174 0.77726976 0.77726976 0.77792293
 0.77792293 0.77857609 0.77857609 0.78380144 0.78380144 0.7844546
 0.7844546  0.78706728 0.78706728 0.78837361 0.78837361 0.79033312
 0.79033312 0.79098628 0.79098628 0.79163945 0.79163945 0.79229262
 0.79229262 0.79621163 0.79621163 0.79817113 0.79817113 0.7988243
 0.7988243  0.80404964 0.80404964 0.80535598 0.80535598 0.80600914
 0.80600914 0.80666231 0.80666231 0.80862182 0.80862182 0.81058132
 0.81058132 0.8190725  0.81972567 0.82103201 0.82103201 0.82168517
 0.82168517 0.82299151 0.82299151 0.82364468 0.82364468 0.82429784
 0.82429784 0.82821685 0.82821685 0.82887002 0.83017636 0.83148269
 0.83148269 0.83213586 0.83213586 0.83409536 0.83409536 0.83474853
 0.83474853 0.83997387 0.83997387 0.84062704 0.84062704 0.84193338
 0.84193338 0.84323971 0.84323971 0.84389288 0.84389288 0.84715872
 0.84715872 0.85173089 0.85173089 0.85303723 0.85303723 0.8536904
 0.8536904  0.85434357 0.85434357 0.85695624 0.85695624 0.86087524
 0.86087524 0.86218158 0.86218158 0.86479425 0.86610059 0.86675376
 0.86675376 0.86806009 0.86806009 0.87263227 0.87263227 0.8739386
 0.8739386  0.88047028 0.88047028 0.88308295 0.88308295 0.88438929
 0.88438929 0.88634879 1.        ]","[0.         0.10344828 0.10689655 0.10689655 0.10862069 0.10862069
 0.1137931  0.1137931  0.11724138 0.11724138 0.12068966 0.12068966
 0.12241379 0.12241379 0.12413793 0.12413793 0.12586207 0.12586207
 0.12758621 0.12758621 0.12931034 0.12931034 0.13793103 0.13793103
 0.13965517 0.13965517 0.14137931 0.14137931 0.14310345 0.14310345
 0.14482759 0.14482759 0.14655172 0.14827586 0.14827586 0.15172414
 0.15172414 0.15689655 0.15689655 0.15862069 0.15862069 0.16034483
 0.16034483 0.16206897 0.16206897 0.1637931  0.1637931  0.16551724
 0.16551724 0.16896552 0.16896552 0.17241379 0.17241379 0.17586207
 0.17586207 0.17758621 0.17758621 0.17931034 0.17931034 0.18103448
 0.18103448 0.18275862 0.18275862 0.18448276 0.18448276 0.1862069
 0.1862069  0.18793103 0.18793103 0.18965517 0.18965517 0.19137931
 0.19137931 0.19310345 0.19310345 0.19310345 0.19310345 0.19482759
 0.19482759 0.19655172 0.19655172 0.19827586 0.19827586 0.2
 0.2        0.20172414 0.20172414 0.20344828 0.20344828 0.20517241
 0.20517241 0.20862069 0.20862069 0.21034483 0.21034483 0.21206897
 0.21206897 0.2137931  0.2137931  0.21724138 0.21724138 0.22068966
 0.22068966 0.22241379 0.22241379 0.22413793 0.22413793 0.22413793
 0.22758621 0.22758621 0.22931034 0.22931034 0.23103448 0.23103448
 0.23275862 0.23275862 0.2362069  0.2362069  0.23793103 0.23793103
 0.23965517 0.23965517 0.24310345 0.24310345 0.24482759 0.24482759
 0.24482759 0.24655172 0.24655172 0.25172414 0.25172414 0.25344828
 0.25344828 0.25517241 0.25517241 0.25689655 0.25689655 0.25862069
 0.26034483 0.26034483 0.26551724 0.26551724 0.26896552 0.26896552
 0.27068966 0.27068966 0.27413793 0.27413793 0.27413793 0.27413793
 0.27586207 0.27586207 0.27758621 0.27758621 0.27931034 0.27931034
 0.28103448 0.28103448 0.28275862 0.28275862 0.28448276 0.28448276
 0.2862069  0.2862069  0.28793103 0.28793103 0.28965517 0.28965517
 0.29137931 0.29137931 0.29310345 0.29310345 0.29482759 0.29482759
 0.29655172 0.29655172 0.29827586 0.29827586 0.3        0.3
 0.30517241 0.30517241 0.30689655 0.30689655 0.31034483 0.31034483
 0.31034483 0.31551724 0.31551724 0.31724138 0.31724138 0.32068966
 0.32068966 0.32241379 0.32241379 0.32413793 0.32413793 0.32586207
 0.32586207 0.32758621 0.32758621 0.32931034 0.32931034 0.33103448
 0.33275862 0.33275862 0.33448276 0.33793103 0.33793103 0.33965517
 0.33965517 0.34137931 0.34137931 0.34310345 0.34310345 0.34482759
 0.34482759 0.34827586 0.34827586 0.35       0.35       0.35172414
 0.35172414 0.35344828 0.35344828 0.35517241 0.35517241 0.35689655
 0.35689655 0.35862069 0.35862069 0.36034483 0.36034483 0.36206897
 0.36206897 0.3637931  0.3637931  0.36551724 0.36551724 0.36724138
 0.36724138 0.36896552 0.36896552 0.37068966 0.37068966 0.37241379
 0.37241379 0.37413793 0.37413793 0.37758621 0.37758621 0.37931034
 0.37931034 0.38103448 0.38103448 0.38275862 0.38275862 0.38448276
 0.38448276 0.3862069  0.3862069  0.38793103 0.38793103 0.65344828
 0.65689655 0.65689655 0.65862069 0.65862069 0.66206897 0.66206897
 0.66551724 0.66551724 0.66724138 0.66724138 0.66896552 0.66896552
 0.67068966 0.67068966 0.67241379 0.67241379 0.67413793 0.67413793
 0.67586207 0.67586207 0.67931034 0.67931034 0.68103448 0.68103448
 0.68275862 0.68275862 0.68448276 0.68448276 0.6862069  0.6862069
 0.68793103 0.68793103 0.68965517 0.68965517 0.69137931 0.69137931
 0.69310345 0.69310345 0.69482759 0.69482759 0.7        0.7
 0.70172414 0.70172414 0.70172414 0.70344828 0.70344828 0.70517241
 0.70517241 0.70689655 0.70689655 0.71551724 0.71551724 0.71724138
 0.71724138 0.72068966 0.72068966 0.72413793 0.72413793 0.72758621
 0.72758621 0.72931034 0.72931034 0.73103448 0.73103448 0.73275862
 0.73275862 0.73793103 0.73793103 0.73965517 0.73965517 0.74137931
 0.74137931 0.74310345 0.74310345 0.74482759 0.74482759 0.74655172
 0.74655172 0.75       0.75       0.75344828 0.75344828 0.75517241
 0.75517241 0.75689655 0.75689655 0.76034483 0.76034483 0.7637931
 0.7637931  0.76551724 0.76551724 0.76724138 0.76724138 0.76896552
 0.76896552 0.76896552 0.76896552 0.77068966 0.77068966 0.77241379
 0.77241379 0.77931034 0.78103448 0.78103448 0.78275862 0.78275862
 0.78965517 0.78965517 0.79137931 0.79137931 0.79310345 0.79310345
 0.79482759 0.79482759 0.79827586 0.79827586 0.8        0.8
 0.80172414 0.80172414 0.80344828 0.80344828 0.80517241 0.80517241
 0.80689655 0.80689655 0.81034483 0.81034483 0.8137931  0.8137931
 0.81551724 0.81551724 0.81551724 0.81551724 0.81896552 0.81896552
 0.81896552 0.81896552 0.82068966 0.82068966 0.82413793 0.82413793
 0.82586207 0.82586207 0.82758621 0.82758621 0.82931034 0.82931034
 0.83275862 0.83275862 0.83448276 0.83448276 0.83793103 0.83793103
 0.83965517 0.83965517 0.84137931 0.84137931 0.84310345 0.84310345
 0.84655172 0.84655172 0.84827586 0.84827586 0.85172414 0.85172414
 0.85344828 0.85344828 0.85517241 0.85517241 0.85689655 0.85689655
 0.85862069 0.85862069 0.8637931  0.8637931  0.86724138 0.86724138
 0.86896552 0.86896552 0.87068966 0.87068966 0.87241379 0.87241379
 0.87413793 0.87413793 0.87758621 0.87758621 0.87931034 0.87931034
 0.88103448 0.88103448 0.88275862 0.88275862 0.88275862 0.88275862
 0.88448276 0.88448276 0.88793103 0.88793103 0.88965517 0.88965517
 0.89137931 0.89137931 0.89310345 0.89310345 0.89482759 0.89482759
 0.89827586 0.89827586 0.9        0.9        0.90344828 0.90344828
 0.90517241 0.90517241 0.90689655 0.90689655 0.9137931  0.9137931
 0.91551724 0.91551724 0.91724138 0.91724138 0.91896552 0.91896552
 0.92068966 0.92068966 0.92241379 0.92241379 0.92241379 0.92241379
 0.92413793 0.92413793 0.92758621 0.92758621 0.92931034 0.92931034
 0.93103448 0.93103448 0.93275862 0.93275862 0.93448276 0.93448276
 0.9362069  0.9362069  1.        ]"
CH2O,Obesity,0.5696133529881457,0.5442518648643033,0.5949393355232012,2.001208,2.001208,inf,784,355,433,539,0.31167690956979804,0.4454732510288066,0.5545267489711934,0.24284983940139535,1.2112674067482513e-27,"[0.         0.09569798 0.09920983 0.09920983 0.10184372 0.10184372
 0.10623354 0.10623354 0.10798946 0.10798946 0.10886743 0.10886743
 0.10974539 0.10974539 0.11150132 0.11150132 0.11237928 0.11237928
 0.11325724 0.11325724 0.11413521 0.11413521 0.11501317 0.11501317
 0.11589113 0.11589113 0.1167691  0.1167691  0.11764706 0.11764706
 0.11852502 0.11852502 0.12467076 0.12467076 0.12554873 0.12554873
 0.12642669 0.12642669 0.12730465 0.12730465 0.12906058 0.12906058
 0.12993854 0.12993854 0.13081651 0.13081651 0.13257243 0.1334504
 0.1334504  0.13432836 0.13432836 0.13608428 0.13608428 0.13871817
 0.13871817 0.13959614 0.13959614 0.1404741  0.1404741  0.14135206
 0.14135206 0.14223003 0.14223003 0.14310799 0.14310799 0.14486392
 0.14486392 0.14661984 0.14661984 0.14837577 0.14837577 0.15013169
 0.15013169 0.15100966 0.15100966 0.15188762 0.15188762 0.15276558
 0.15276558 0.15539947 0.15539947 0.15627744 0.15627744 0.1571554
 0.1571554  0.15803336 0.15803336 0.15891133 0.15891133 0.15978929
 0.15978929 0.16066725 0.16066725 0.16154522 0.16154522 0.16242318
 0.16242318 0.16330114 0.16330114 0.1641791  0.1641791  0.16593503
 0.16593503 0.16856892 0.16856892 0.16944688 0.16944688 0.17032485
 0.17032485 0.17120281 0.17120281 0.17208077 0.17208077 0.17295874
 0.17295874 0.17471466 0.17471466 0.17559263 0.17559263 0.17647059
 0.17647059 0.17734855 0.17734855 0.17910448 0.17910448 0.17998244
 0.17998244 0.1808604  0.1808604  0.18349429 0.18349429 0.18525022
 0.18525022 0.18700615 0.18700615 0.18788411 0.18788411 0.18876207
 0.18876207 0.18964004 0.18964004 0.18964004 0.19139596 0.19139596
 0.19227392 0.19227392 0.19315189 0.19315189 0.19402985 0.19402985
 0.19578578 0.19578578 0.1975417  0.1975417  0.19841967 0.19841967
 0.20280948 0.20280948 0.20368745 0.20368745 0.20456541 0.20544337
 0.20544337 0.20807726 0.20807726 0.20983319 0.20983319 0.21071115
 0.21071115 0.21158911 0.21158911 0.21246708 0.21334504 0.21334504
 0.21597893 0.21597893 0.21861282 0.21861282 0.21949078 0.21949078
 0.22124671 0.22124671 0.22212467 0.2238806  0.2238806  0.22475856
 0.22475856 0.22563652 0.22563652 0.22651449 0.22651449 0.22739245
 0.22739245 0.22827041 0.22827041 0.22914838 0.22914838 0.23002634
 0.23002634 0.2309043  0.2309043  0.23266023 0.23266023 0.23353819
 0.23353819 0.23441615 0.23441615 0.23529412 0.23529412 0.23617208
 0.23617208 0.23705004 0.23705004 0.23792801 0.23792801 0.23880597
 0.23880597 0.23968393 0.23968393 0.2405619  0.2405619  0.24143986
 0.24143986 0.24231782 0.24231782 0.24319579 0.24319579 0.24407375
 0.24407375 0.24495171 0.24495171 0.24582968 0.24582968 0.24670764
 0.24670764 0.25197542 0.25197542 0.25285338 0.25285338 0.25460931
 0.25460931 0.25460931 0.2572432  0.2572432  0.25812116 0.25812116
 0.25987709 0.25987709 0.26075505 0.26075505 0.26163301 0.26163301
 0.26338894 0.26338894 0.2642669  0.2642669  0.26514486 0.26514486
 0.26602283 0.26777875 0.26865672 0.26865672 0.27041264 0.27216857
 0.27216857 0.27304653 0.27304653 0.27480246 0.27480246 0.27655838
 0.27655838 0.27743635 0.27743635 0.27919227 0.27919227 0.28007024
 0.28007024 0.28182616 0.28182616 0.28270413 0.28270413 0.28358209
 0.28358209 0.28446005 0.28446005 0.28533802 0.28533802 0.28621598
 0.28621598 0.28709394 0.28709394 0.28797191 0.28797191 0.28884987
 0.28884987 0.28972783 0.28972783 0.29060579 0.29060579 0.29148376
 0.29148376 0.29236172 0.29236172 0.29323968 0.29323968 0.29587357
 0.29587357 0.29675154 0.29675154 0.29938543 0.29938543 0.30026339
 0.30026339 0.30289728 0.30289728 0.3046532  0.3046532  0.30553117
 0.30553117 0.30816506 0.30816506 0.31079895 0.31079895 0.31167691
 0.31167691 0.63827919 0.64003512 0.64003512 0.64091308 0.64091308
 0.64705882 0.64705882 0.64881475 0.64881475 0.64969271 0.64969271
 0.65057068 0.65057068 0.6523266  0.6523266  0.65320457 0.65320457
 0.65408253 0.65408253 0.65583845 0.65583845 0.65671642 0.65671642
 0.65935031 0.65935031 0.66110623 0.66110623 0.6619842  0.6619842
 0.66286216 0.66286216 0.66461809 0.66461809 0.66549605 0.66549605
 0.66637401 0.66637401 0.66725198 0.66725198 0.66812994 0.66812994
 0.6690079  0.6690079  0.67251975 0.67251975 0.67339772 0.67339772
 0.67515364 0.67515364 0.67603161 0.67778753 0.67778753 0.6786655
 0.6786655  0.68481124 0.68481124 0.68656716 0.68656716 0.68920105
 0.68920105 0.69007902 0.69007902 0.69183494 0.69183494 0.69359087
 0.69359087 0.69446883 0.69446883 0.6953468  0.6953468  0.69622476
 0.69622476 0.69885865 0.69885865 0.69973661 0.69973661 0.7023705
 0.7023705  0.70324846 0.70324846 0.70676032 0.70676032 0.70763828
 0.70763828 0.71027217 0.71027217 0.71115013 0.71115013 0.71290606
 0.71290606 0.71466198 0.71466198 0.71553995 0.71553995 0.71641791
 0.71641791 0.71817384 0.71817384 0.71992976 0.71992976 0.72168569
 0.72168569 0.72256365 0.72256365 0.72431958 0.72431958 0.72519754
 0.72519754 0.7260755  0.7260755  0.72695347 0.72695347 0.72783143
 0.72783143 0.72870939 0.72870939 0.73222125 0.73397717 0.73485514
 0.73485514 0.7357331  0.7357331  0.73924495 0.73924495 0.74012291
 0.74012291 0.74187884 0.74187884 0.7427568  0.7427568  0.74363477
 0.74363477 0.74626866 0.74626866 0.74978051 0.74978051 0.75065847
 0.75065847 0.75153644 0.75153644 0.7524144  0.7524144  0.75329236
 0.75329236 0.75417032 0.75417032 0.75504829 0.75504829 0.75680421
 0.75680421 0.75856014 0.75856014 0.7594381  0.7594381  0.76031607
 0.76031607 0.76119403 0.76119403 0.76207199 0.76207199 0.76382792
 0.76382792 0.76470588 0.76646181 0.76646181 0.76733977 0.76733977
 0.7690957  0.7690957  0.76997366 0.76997366 0.77172959 0.77172959
 0.77260755 0.77260755 0.77436348 0.77436348 0.77524144 0.77524144
 0.7761194  0.7761194  0.77787533 0.77787533 0.77875329 0.77875329
 0.77963126 0.77963126 0.78402107 0.78402107 0.78665496 0.78665496
 0.78841089 0.78841089 0.7928007  0.7928007  0.79367867 0.79367867
 0.79719052 0.79719052 0.79806848 0.79806848 0.80070237 0.80070237
 0.80158033 0.80158033 0.80333626 0.80333626 0.80509219 0.80509219
 0.80597015 0.80597015 0.80860404 0.80860404 0.81035996 0.81035996
 0.81123793 0.81123793 0.81299385 0.81299385 0.81474978 0.81474978
 0.81562774 0.81562774 0.81738367 0.81738367 0.81826163 0.81826163
 0.82001756 0.82001756 0.82089552 0.82089552 0.82177349 0.82177349
 0.82352941 0.82352941 0.82528534 0.82528534 0.8261633  0.8261633
 0.82704126 0.82704126 0.83055312 0.83055312 0.83230904 0.83230904
 0.83669886 0.83669886 0.83757682 0.83757682 0.83845478 0.83845478
 0.84021071 0.84021071 0.84196664 0.84196664 0.84547849 0.84547849
 0.84635645 0.84635645 0.84723442 0.84723442 0.84811238 0.84811238
 0.84986831 0.84986831 0.85074627 0.85074627 0.85162423 0.85162423
 0.85338016 0.85338016 0.85425812 0.85425812 0.85601405 0.85601405
 0.85776997 0.85776997 0.8595259  0.8595259  0.86040386 0.86040386
 0.86128183 0.86128183 0.86215979 0.86215979 0.86303775 0.86303775
 0.86391572 0.86391572 0.86479368 0.86479368 1.        ]","[0.         0.05452675 0.05452675 0.05967078 0.05967078 0.06069959
 0.06069959 0.0617284  0.0617284  0.06687243 0.06687243 0.06893004
 0.06893004 0.07098765 0.07098765 0.07201646 0.07201646 0.07407407
 0.07407407 0.07613169 0.07613169 0.07716049 0.07716049 0.07921811
 0.07921811 0.08024691 0.08024691 0.08436214 0.08436214 0.08641975
 0.08641975 0.09053498 0.09053498 0.09567901 0.09567901 0.11111111
 0.11111111 0.11213992 0.11213992 0.11316872 0.11316872 0.11522634
 0.11522634 0.1244856  0.1244856  0.12757202 0.12860082 0.12860082
 0.13168724 0.13168724 0.13271605 0.13271605 0.13477366 0.13477366
 0.13683128 0.13683128 0.13786008 0.13786008 0.14300412 0.14300412
 0.14403292 0.14403292 0.14814815 0.14814815 0.15534979 0.15534979
 0.1563786  0.1563786  0.15740741 0.15740741 0.16049383 0.16049383
 0.16152263 0.16152263 0.16666667 0.16666667 0.16872428 0.16872428
 0.17078189 0.17078189 0.18312757 0.18312757 0.1882716  0.1882716
 0.18930041 0.18930041 0.19341564 0.19341564 0.19958848 0.19958848
 0.2037037  0.2037037  0.20884774 0.20884774 0.21193416 0.21193416
 0.21399177 0.21399177 0.21502058 0.21604938 0.218107   0.218107
 0.22222222 0.22222222 0.22325103 0.22325103 0.22427984 0.22427984
 0.22530864 0.22530864 0.23045267 0.23045267 0.23251029 0.23251029
 0.23559671 0.23559671 0.24176955 0.24176955 0.24897119 0.24897119
 0.25617284 0.25617284 0.25925926 0.25925926 0.26131687 0.26131687
 0.26440329 0.26440329 0.26748971 0.26748971 0.27057613 0.27057613
 0.27777778 0.27777778 0.27880658 0.27880658 0.27983539 0.27983539
 0.2808642  0.2808642  0.28703704 0.28909465 0.28909465 0.30246914
 0.30246914 0.30761317 0.30761317 0.30967078 0.30967078 0.31069959
 0.31069959 0.31584362 0.31584362 0.31893004 0.31893004 0.31995885
 0.31995885 0.32098765 0.32201646 0.32407407 0.32510288 0.32510288
 0.33333333 0.33333333 0.33436214 0.33436214 0.33539095 0.33539095
 0.34259259 0.34259259 0.34465021 0.34567901 0.34567901 0.34773663
 0.34773663 0.34979424 0.34979424 0.35185185 0.35185185 0.35493827
 0.35493827 0.35596708 0.35699588 0.35699588 0.3600823  0.3600823
 0.36316872 0.36316872 0.36419753 0.36419753 0.36831276 0.36831276
 0.37345679 0.37345679 0.37654321 0.37654321 0.37757202 0.37757202
 0.38374486 0.38374486 0.38683128 0.38683128 0.3899177  0.3899177
 0.39814815 0.39814815 0.40020576 0.40020576 0.40226337 0.40226337
 0.40329218 0.40329218 0.40432099 0.40432099 0.40534979 0.40534979
 0.4063786  0.4063786  0.40740741 0.40740741 0.40946502 0.40946502
 0.41152263 0.41152263 0.41255144 0.41255144 0.41872428 0.41872428
 0.41975309 0.41975309 0.42078189 0.42078189 0.42283951 0.42283951
 0.42386831 0.42386831 0.42592593 0.42592593 0.42695473 0.42695473
 0.42901235 0.43209877 0.43209877 0.43312757 0.43415638 0.4382716
 0.4382716  0.43930041 0.43930041 0.44032922 0.44032922 0.44753086
 0.44753086 0.45164609 0.45164609 0.4537037  0.4537037  0.45679012
 0.45679012 0.45679012 0.45679012 0.46193416 0.46193416 0.46193416
 0.46399177 0.46399177 0.46604938 0.46604938 0.46707819 0.46707819
 0.47016461 0.47119342 0.47325103 0.47325103 0.47530864 0.47530864
 0.4845679  0.4845679  0.49485597 0.49485597 0.49691358 0.49691358
 0.49794239 0.49794239 0.49897119 0.49897119 0.50102881 0.50102881
 0.50205761 0.50205761 0.50308642 0.50308642 0.50411523 0.50411523
 0.50514403 0.50514403 0.50617284 0.50617284 0.50823045 0.50823045
 0.50925926 0.50925926 0.51337449 0.51337449 0.5154321  0.5154321
 0.52160494 0.52160494 0.52469136 0.52469136 0.52674897 0.52674897
 0.52777778 0.52777778 0.53292181 0.53292181 0.53909465 0.53909465
 0.54218107 0.54218107 0.54835391 0.54835391 0.55349794 0.55349794
 0.55452675 0.63271605 0.63271605 0.63477366 0.63477366 0.63580247
 0.63580247 0.63683128 0.63683128 0.63786008 0.63888889 0.6399177
 0.6399177  0.6409465  0.6409465  0.64197531 0.64197531 0.64300412
 0.64300412 0.64403292 0.64403292 0.64609053 0.64609053 0.64814815
 0.64814815 0.64917695 0.64917695 0.65020576 0.65020576 0.65123457
 0.65123457 0.65226337 0.65226337 0.65329218 0.65329218 0.65432099
 0.65432099 0.65534979 0.65534979 0.6563786  0.6563786  0.65843621
 0.65843621 0.66049383 0.66049383 0.66152263 0.66152263 0.66460905
 0.66460905 0.67386831 0.67489712 0.67489712 0.67592593 0.67592593
 0.67695473 0.67695473 0.67901235 0.67901235 0.68004115 0.68004115
 0.68209877 0.68209877 0.68312757 0.68312757 0.68415638 0.68415638
 0.68518519 0.68518519 0.68621399 0.68621399 0.6882716  0.6882716
 0.68930041 0.68930041 0.69341564 0.69341564 0.69855967 0.69855967
 0.70164609 0.70164609 0.7026749  0.7026749  0.70473251 0.70473251
 0.70884774 0.70884774 0.70987654 0.70987654 0.71090535 0.71090535
 0.71604938 0.71604938 0.71707819 0.71707819 0.7191358  0.7191358
 0.72016461 0.72016461 0.72119342 0.72119342 0.72222222 0.72222222
 0.72325103 0.72325103 0.72839506 0.72839506 0.72942387 0.72942387
 0.73251029 0.73251029 0.73353909 0.7345679  0.73662551 0.73662551
 0.73868313 0.73868313 0.73971193 0.73971193 0.74074074 0.74074074
 0.74176955 0.74176955 0.74279835 0.74279835 0.75308642 0.75308642
 0.75514403 0.75514403 0.75720165 0.75720165 0.75823045 0.75823045
 0.76028807 0.76028807 0.7654321  0.7654321  0.76748971 0.76748971
 0.77057613 0.77057613 0.77263374 0.77263374 0.77366255 0.77366255
 0.77469136 0.77469136 0.77572016 0.77572016 0.77674897 0.77674897
 0.77983539 0.77983539 0.7808642  0.7808642  0.78292181 0.78292181
 0.78395062 0.78395062 0.78497942 0.78600823 0.7973251  0.7973251
 0.80246914 0.80349794 0.80349794 0.80555556 0.80555556 0.81481481
 0.81481481 0.81584362 0.81584362 0.81687243 0.81687243 0.82407407
 0.82407407 0.82510288 0.82510288 0.82716049 0.82716049 0.8281893
 0.8281893  0.83024691 0.83024691 0.83333333 0.83333333 0.83436214
 0.83436214 0.83539095 0.83539095 0.83641975 0.83641975 0.83744856
 0.83744856 0.83847737 0.83847737 0.84156379 0.84156379 0.84567901
 0.84567901 0.84670782 0.84670782 0.84773663 0.84773663 0.84876543
 0.84876543 0.84979424 0.84979424 0.85185185 0.85185185 0.85288066
 0.85288066 0.85493827 0.85493827 0.86111111 0.86111111 0.86316872
 0.86316872 0.86419753 0.86419753 0.86522634 0.86522634 0.86625514
 0.86625514 0.86728395 0.86728395 0.86934156 0.86934156 0.87037037
 0.87037037 0.87139918 0.87242798 0.8744856  0.8744856  0.8755144
 0.8755144  0.87757202 0.87757202 0.87860082 0.87860082 0.88374486
 0.88374486 0.88580247 0.88580247 0.88683128 0.88683128 0.88786008
 0.88786008 0.89300412 0.89300412 0.89506173 0.89506173 0.89609053
 0.89609053 0.89711934 0.89711934 0.89814815 0.89814815 0.89917695
 0.89917695 0.90020576 0.90020576 0.90226337 0.90226337 0.90329218
 0.90329218 0.90534979 0.90534979 0.90740741 0.90740741 0.90843621
 0.90843621 0.91255144 0.91358025 0.91460905 0.91460905 0.91563786
 0.91563786 0.92283951 0.92283951 0.92386831 0.92386831 0.92489712
 0.92489712 0.92592593 0.92592593 0.93209877 0.93209877 0.93621399
 0.93621399 0.9382716  0.9382716  0.94135802 1.        ]"
FAF,Insufficient,0.6048863672712151,0.5679751539116838,0.642775519987391,1.838881,1.838881,inf,1482,357,159,113,0.19412724306688417,0.5845588235294118,0.4154411764705882,0.22131393340370406,1.142923633325038e-10,"[0.         0.03860794 0.04187058 0.04295813 0.045677   0.045677
 0.04676455 0.04676455 0.04839587 0.04839587 0.05220228 0.05220228
 0.05655247 0.05655247 0.0581838  0.0581838  0.05872757 0.05872757
 0.06035889 0.06035889 0.06090266 0.06090266 0.06144644 0.06144644
 0.06416531 0.06416531 0.06525285 0.06525285 0.0685155  0.0685155
 0.07286569 0.07286569 0.07775965 0.07775965 0.08047852 0.08047852
 0.08374116 0.08374116 0.08428494 0.08428494 0.08482871 0.08482871
 0.08537249 0.08537249 0.08591626 0.08591626 0.15062534 0.16530723
 0.16585101 0.16748233 0.16748233 0.16911365 0.16911365 0.17183252
 0.17183252 0.17292007 0.17292007 0.17455139 0.17455139 0.17727026
 0.17727026 0.18379554 0.18379554 0.18760196 0.18760196 0.19032083
 0.19032083 0.19249592 0.19249592 0.19412724 0.19412724 0.21479065
 0.21479065 0.21587819 0.21587819 0.21805329 0.21805329 0.22022838
 0.22022838 0.2240348  0.22457858 0.22947254 0.22947254 0.23382273
 0.23382273 0.2343665  0.2343665  0.23708537 0.23708537 0.23817292
 0.23871669 0.24850462 0.24850462 0.25122349 0.25122349 0.25339859
 0.25448613 0.25883632 0.25883632 0.26101142 0.26101142 0.26590538
 0.26590538 0.26644916 0.26644916 0.27623709 0.27623709 0.28058728
 0.28058728 0.28493747 0.28493747 0.2903752  0.29146275 0.29635672
 0.29635672 0.30016313 0.30016313 0.30396955 0.30396955 0.30668842
 0.30668842 0.30777597 0.30777597 0.31158238 0.31158238 0.31375748
 0.31375748 0.31593257 0.31593257 0.32300163 0.32300163 0.32354541
 0.32408918 0.32680805 0.32680805 0.3278956  0.3278956  0.32843937
 0.32898314 0.33115824 0.33115824 0.33659598 0.33659598 0.33713975
 0.33713975 0.34312126 0.34312126 0.35454051 0.35454051 0.35508428
 0.35617183 0.36324089 0.36324089 0.36378467 0.36378467 0.36704731
 0.36704731 0.36759108 0.38553562 0.50951604 0.50951604 0.51114736
 0.51114736 0.51223491 0.51223491 0.51984774 0.51984774 0.53452964
 0.53452964 0.53833605 0.5394236  0.55356172 0.55356172 0.56334965
 0.56334965 0.56769984 0.56769984 0.57041871 0.57041871 0.57531267
 0.57531267 0.57803154 0.57803154 0.58346928 0.58346928 0.58564437
 0.58564437 0.58836324 0.58836324 0.59053834 0.59053834 0.59380098
 0.59380098 0.60902664 0.60902664 0.61011419 0.61011419 0.61555193
 0.61555193 0.61718325 0.61718325 0.62207722 0.62207722 0.62262099
 0.62262099 0.62479608 0.62479608 0.62642741 0.62642741 0.63784666
 0.63784666 0.6389342  0.6389342  0.63947798 0.63947798 0.6411093
 0.6411093  0.64437194 0.64437194 0.64437194 0.64491572 0.64491572
 0.64817836 0.64817836 0.64980968 0.64980968 0.65307232 0.65307232
 0.66122893 0.66122893 0.6617727  0.6617727  0.66231648 0.66231648
 0.66938554 0.66938554 0.67645459 0.67699837 0.69059271 0.69059271
 0.69113649 0.69276781 0.69276781 0.69657423 0.69657423 0.69874932
 0.69874932 0.70092442 0.70201196 0.7074497  0.7074497  0.71071234
 0.71179989 0.71343121 0.71343121 0.71451876 0.71451876 0.71506253
 0.71506253 0.72321914 0.72321914 0.7324633  0.7324633  0.73355084
 0.73355084 0.73898858 0.73898858 0.74007613 0.74007613 0.7406199
 0.7406199  0.74442632 0.74551387 0.74605764 0.74605764 0.74660141
 0.74660141 0.74768896 0.74768896 0.75856444 0.75856444 0.76237085
 0.76237085 0.76889614 0.76889614 0.77270256 0.77270256 0.77324633
 0.77433388 0.77487765 0.77487765 0.7759652  0.77705275 0.77759652
 0.77759652 0.78140294 0.78249048 0.78684067 0.78792822 0.79499728
 1.        ]","[0.         0.01470588 0.01470588 0.01470588 0.01470588 0.01838235
 0.01838235 0.02205882 0.02205882 0.02573529 0.02573529 0.02941176
 0.02941176 0.03308824 0.03308824 0.03676471 0.03676471 0.04044118
 0.04044118 0.04779412 0.04779412 0.05147059 0.05147059 0.05514706
 0.05514706 0.0625     0.0625     0.06617647 0.06617647 0.06985294
 0.06985294 0.08088235 0.08088235 0.08455882 0.08455882 0.09191176
 0.09191176 0.09926471 0.09926471 0.11764706 0.11764706 0.12132353
 0.12132353 0.125      0.125      0.12867647 0.36397059 0.36397059
 0.36764706 0.36764706 0.37132353 0.37132353 0.375      0.375
 0.38235294 0.38235294 0.38970588 0.38970588 0.39338235 0.39338235
 0.39705882 0.39705882 0.40073529 0.40073529 0.40441176 0.40441176
 0.40808824 0.40808824 0.41176471 0.41176471 0.41544118 0.41544118
 0.41911765 0.41911765 0.42279412 0.42279412 0.42647059 0.42647059
 0.43382353 0.43382353 0.4375     0.4375     0.44117647 0.44117647
 0.44485294 0.44485294 0.44852941 0.44852941 0.45220588 0.45220588
 0.45588235 0.45588235 0.45955882 0.45955882 0.46323529 0.46323529
 0.46323529 0.46323529 0.46691176 0.46691176 0.47058824 0.47058824
 0.47426471 0.47426471 0.47794118 0.47794118 0.48161765 0.48161765
 0.48529412 0.48529412 0.48897059 0.48897059 0.48897059 0.48897059
 0.49264706 0.49264706 0.5        0.5        0.50367647 0.50367647
 0.50735294 0.50735294 0.51102941 0.51102941 0.51470588 0.51470588
 0.51838235 0.51838235 0.52205882 0.52205882 0.52941176 0.52941176
 0.53308824 0.53308824 0.53676471 0.53676471 0.54044118 0.54044118
 0.54411765 0.54411765 0.54779412 0.54779412 0.55147059 0.55147059
 0.55514706 0.55514706 0.55882353 0.55882353 0.5625     0.5625
 0.5625     0.5625     0.56617647 0.56617647 0.56985294 0.56985294
 0.57352941 0.57720588 0.57720588 0.59926471 0.60294118 0.60294118
 0.60661765 0.60661765 0.61397059 0.61397059 0.61764706 0.61764706
 0.62132353 0.62132353 0.62132353 0.62132353 0.625      0.625
 0.62867647 0.62867647 0.63235294 0.63235294 0.63602941 0.63602941
 0.63970588 0.63970588 0.65073529 0.65073529 0.65441176 0.65441176
 0.65808824 0.65808824 0.66176471 0.66176471 0.66544118 0.66544118
 0.66911765 0.66911765 0.67647059 0.67647059 0.68014706 0.68014706
 0.68382353 0.68382353 0.6875     0.6875     0.69117647 0.69117647
 0.69852941 0.69852941 0.70220588 0.70220588 0.70588235 0.70588235
 0.70955882 0.70955882 0.71323529 0.71323529 0.71691176 0.71691176
 0.72058824 0.72058824 0.72426471 0.73161765 0.73161765 0.73529412
 0.73529412 0.73897059 0.73897059 0.74264706 0.74264706 0.74632353
 0.74632353 0.75       0.75       0.75367647 0.75367647 0.75735294
 0.75735294 0.76102941 0.76102941 0.76470588 0.76470588 0.76838235
 0.77205882 0.77205882 0.77573529 0.77573529 0.77941176 0.77941176
 0.78308824 0.78308824 0.78308824 0.78308824 0.79044118 0.79044118
 0.79044118 0.79044118 0.79411765 0.79411765 0.79779412 0.79779412
 0.80514706 0.80514706 0.80882353 0.80882353 0.81617647 0.81617647
 0.81985294 0.81985294 0.82352941 0.82352941 0.82720588 0.82720588
 0.83455882 0.83455882 0.83455882 0.83455882 0.83823529 0.83823529
 0.84558824 0.84558824 0.84926471 0.84926471 0.85294118 0.85294118
 0.85661765 0.85661765 0.86029412 0.86029412 0.86397059 0.86397059
 0.86397059 0.86397059 0.87132353 0.87132353 0.87132353 0.87132353
 0.875      0.875      0.875      0.875      0.875      0.875
 1.        ]"
FAF,Normal,0.5648906947246164,0.5249709461229861,0.6016090161716257,2.0,2.0,inf,1558,266,177,110,0.14583333333333334,0.6167247386759582,0.38327526132404177,0.23744192799070848,8.969293814971057e-13,"[0.         0.01864035 0.02192982 0.02302632 0.08333333 0.14583333
 0.16063596 0.16173246 0.23026316 0.23135965 0.24725877 0.24835526
 0.26425439 0.26535088 0.30537281 0.3064693  0.34484649 0.34594298
 0.35142544 0.35252193 0.38157895 0.38267544 0.39528509 0.39638158
 0.41447368 0.48958333 0.52192982 0.52302632 0.6441886  0.64528509
 0.68201754 0.68311404 0.69736842 0.69846491 0.70997807 0.71107456
 0.72094298 0.72203947 0.74671053 0.74780702 0.76151316 0.76260965
 0.79495614 0.79605263 0.79879386 0.79989035 0.80482456 0.80592105
 0.81030702 0.81140351 0.8185307  1.        ]","[0.         0.14285714 0.14285714 0.14285714 0.14285714 0.38327526
 0.38327526 0.38327526 0.38327526 0.38327526 0.38327526 0.38327526
 0.38327526 0.38327526 0.38327526 0.38327526 0.38327526 0.38327526
 0.38327526 0.38327526 0.38327526 0.38327526 0.38327526 0.38327526
 0.38327526 0.72125436 0.72125436 0.72125436 0.72125436 0.72125436
 0.72125436 0.72125436 0.72125436 0.72125436 0.72125436 0.72125436
 0.72125436 0.72125436 0.72125436 0.72125436 0.72125436 0.72125436
 0.72125436 0.72125436 0.72125436 0.72125436 0.72125436 0.72125436
 0.72125436 0.72125436 0.72125436 1.        ]"
FAF,Overweight,0.4939131511970991,0.46814942488197425,0.5212475307636254,0.261274,-inf,0.261274,473,1058,146,434,0.6910516002612671,0.2517241379310345,0.7482758620689656,0.09018221131106556,0.001972099551311037,"[0.         0.03788374 0.03919007 0.03919007 0.03919007 0.04049641
 0.04049641 0.04114958 0.04114958 0.04245591 0.04245591 0.04376225
 0.04376225 0.04441541 0.04441541 0.04572175 0.04572175 0.04637492
 0.04637492 0.04702809 0.04702809 0.04833442 0.04833442 0.04964076
 0.04964076 0.05355976 0.05355976 0.05551927 0.05551927 0.0568256
 0.0568256  0.05878511 0.05878511 0.05943828 0.05943828 0.06401045
 0.06401045 0.06596995 0.06596995 0.06662312 0.06662312 0.06727629
 0.06727629 0.06923579 0.06923579 0.07054213 0.07054213 0.07184847
 0.07184847 0.0731548  0.0731548  0.07446114 0.07446114 0.08164598
 0.18027433 0.18484651 0.18484651 0.18680601 0.18680601 0.19203135
 0.19203135 0.19595036 0.19725669 0.19986937 0.19986937 0.20182887
 0.20182887 0.20378837 0.20378837 0.21097322 0.21097322 0.21358589
 0.21358589 0.21423906 0.21423906 0.2155454  0.2155454  0.21619856
 0.21619856 0.2175049  0.2175049  0.22207707 0.22207707 0.22403658
 0.22403658 0.22664925 0.22664925 0.22991509 0.22991509 0.23056826
 0.23056826 0.23187459 0.23187459 0.23514043 0.23514043 0.23644677
 0.23644677 0.2377531  0.2377531  0.23971261 0.23971261 0.24036577
 0.24036577 0.24101894 0.24101894 0.24167211 0.24167211 0.24297845
 0.24297845 0.25473547 0.25473547 0.25930764 0.25930764 0.25996081
 0.26061398 0.26061398 0.26126715 0.26126715 0.26453298 0.26453298
 0.26518615 0.26518615 0.272371   0.272371   0.27498367 0.27498367
 0.27629001 0.28216852 0.28216852 0.2887002  0.2887002  0.29327237
 0.29457871 0.29653821 0.29653821 0.29784455 0.29784455 0.30111039
 0.30111039 0.30372306 0.30372306 0.31221424 0.31221424 0.32201176
 0.32201176 0.32397126 0.32397126 0.32658393 0.32658393 0.32984977
 0.32984977 0.33050294 0.33050294 0.33311561 0.33311561 0.33442195
 0.33638145 0.33638145 0.33834095 0.33834095 0.34095363 0.34095363
 0.34944481 0.34944481 0.35075114 0.35075114 0.35728282 0.35728282
 0.361855   0.361855   0.36250816 0.36250816 0.365774   0.365774
 0.36838668 0.36838668 0.37099935 0.37230568 0.37491835 0.37491835
 0.37818419 0.37883736 0.37949053 0.37949053 0.38145003 0.38145003
 0.38275637 0.38275637 0.38536904 0.38536904 0.38863488 0.38863488
 0.38994121 0.38994121 0.39516656 0.39516656 0.39908556 0.39908556
 0.39973873 0.39973873 0.4023514  0.4023514  0.40300457 0.40300457
 0.40431091 0.40496408 0.40496408 0.41018942 0.41018942 0.41280209
 0.41280209 0.41606793 0.41606793 0.4167211  0.41737427 0.41737427
 0.41933377 0.41933377 0.42259961 0.42259961 0.42586545 0.42586545
 0.43174396 0.43174396 0.4350098  0.52906597 0.52971914 0.52971914
 0.53037231 0.53037231 0.53494448 0.53494448 0.53625082 0.53625082
 0.54082299 0.54082299 0.54408883 0.54408883 0.544742   0.544742
 0.5467015  0.5467015  0.54800784 0.54800784 0.55127368 0.55127368
 0.55323318 0.55323318 0.55323318 0.55388635 0.55388635 0.55453952
 0.55453952 0.55519268 0.55519268 0.55715219 0.55715219 0.55976486
 0.55976486 0.5630307  0.5630307  0.5649902  0.5649902  0.56564337
 0.56564337 0.56629654 0.56629654 0.56825604 0.56825604 0.57086871
 0.57086871 0.57348138 0.57348138 0.57413455 0.57413455 0.57609406
 0.57609406 0.58066623 0.58066623 0.5832789  0.5832789  0.58458524
 0.58458524 0.58719791 0.58719791 0.59046375 0.59046375 0.59111692
 0.59111692 0.59242325 0.59242325 0.59372959 0.59372959 0.59503592
 0.59503592 0.59830176 0.59830176 0.5996081  0.5996081  0.60026127
 0.60026127 0.60287394 0.60287394 0.60352711 0.60352711 0.60418027
 0.60418027 0.60548661 0.60548661 0.60613978 0.60613978 0.61267146
 0.61267146 0.61463096 0.61463096 0.61854997 0.61854997 0.62116264
 0.62116264 0.62181581 0.62181581 0.62834749 0.62834749 0.63030699
 0.63030699 0.63161332 0.63161332 0.63487916 0.63487916 0.63683867
 0.63683867 0.638145   0.638145   0.63879817 0.63879817 0.63945134
 0.63945134 0.64206401 0.64206401 0.64337035 0.64337035 0.64467668
 0.64598302 0.64728935 0.64728935 0.64794252 0.64794252 0.65120836
 0.65120836 0.65316786 0.65316786 0.65382103 0.65382103 0.65512737
 0.65512737 0.6564337  0.6564337  0.66100588 0.66100588 0.66231221
 0.66231221 0.66427172 0.66427172 0.66819073 0.66819073 0.66949706
 0.66949706 0.67015023 0.67015023 0.67602874 0.67668191 0.67733508
 0.67733508 0.67798824 0.67798824 0.67864141 0.67864141 0.67929458
 0.67929458 0.68060091 0.68060091 0.68125408 0.68125408 0.68256042
 0.68256042 0.68386675 0.68386675 0.68713259 0.68843893 0.68843893
 0.6890921  0.6890921  0.68974526 0.68974526 0.6910516  0.6910516
 0.69758328 0.69823645 0.70019595 0.70019595 0.70280862 0.70280862
 0.70803396 0.7093403  0.71783148 0.71783148 0.71848465 0.71848465
 0.72175049 0.72175049 0.72240366 0.72240366 0.72436316 0.72436316
 0.72501633 0.72501633 0.72893534 0.72893534 0.7295885  0.7295885
 0.73154801 0.73285434 0.73481385 0.73481385 0.73612018 0.73612018
 0.73677335 0.73677335 0.73873285 0.73873285 0.74003919 0.74003919
 0.7439582  0.7439582  0.74461137 0.74461137 0.74461137 0.74853037
 0.74853037 0.74918354 0.74918354 0.75114304 0.75114304 0.75244938
 0.75244938 0.75310255 0.75310255 0.75571522 0.75571522 0.76355323
 0.76355323 0.7661659  0.7661659  0.76943174 0.76943174 0.77139125
 0.77139125 0.77269758 0.77400392 0.77726976 0.77857609 0.77988243
 0.77988243 0.7805356  0.7805356  0.78314827 0.7844546  0.78967995
 0.78967995 0.79229262 0.79229262 0.79751796 1.        ]","[0.         0.02931034 0.02931034 0.0362069  0.03965517 0.03965517
 0.04482759 0.04482759 0.04827586 0.04827586 0.05       0.05
 0.05517241 0.05517241 0.05862069 0.05862069 0.06206897 0.06206897
 0.06551724 0.06551724 0.06724138 0.06724138 0.07068966 0.07068966
 0.07241379 0.07241379 0.07413793 0.07413793 0.07586207 0.07586207
 0.07758621 0.07758621 0.08103448 0.08103448 0.09137931 0.09137931
 0.09482759 0.09482759 0.09827586 0.09827586 0.10344828 0.10344828
 0.10517241 0.10517241 0.10689655 0.10689655 0.10862069 0.10862069
 0.11206897 0.11206897 0.11551724 0.11551724 0.11724138 0.11724138
 0.17241379 0.17241379 0.17413793 0.17413793 0.17586207 0.17586207
 0.17758621 0.17758621 0.17758621 0.17758621 0.17931034 0.17931034
 0.18103448 0.18103448 0.18275862 0.18275862 0.18448276 0.18448276
 0.1862069  0.1862069  0.18793103 0.18793103 0.19137931 0.19137931
 0.19655172 0.19655172 0.19827586 0.19827586 0.2        0.2
 0.20172414 0.20172414 0.20344828 0.20344828 0.20517241 0.20517241
 0.20689655 0.20689655 0.21034483 0.21034483 0.21206897 0.21206897
 0.2137931  0.2137931  0.21551724 0.21551724 0.21724138 0.21724138
 0.21896552 0.21896552 0.22068966 0.22068966 0.22241379 0.22241379
 0.22413793 0.22413793 0.22586207 0.22586207 0.22758621 0.22758621
 0.22931034 0.23103448 0.23103448 0.23275862 0.23275862 0.23448276
 0.23448276 0.2362069  0.2362069  0.23965517 0.23965517 0.24137931
 0.24137931 0.24137931 0.24482759 0.24482759 0.24655172 0.24655172
 0.24655172 0.24655172 0.24827586 0.24827586 0.25       0.25
 0.25172414 0.25172414 0.25517241 0.25517241 0.26034483 0.26034483
 0.26206897 0.26206897 0.2637931  0.2637931  0.26551724 0.26551724
 0.26724138 0.26724138 0.26896552 0.26896552 0.27068966 0.27068966
 0.27068966 0.27241379 0.27241379 0.27413793 0.27413793 0.27758621
 0.27758621 0.27931034 0.27931034 0.28103448 0.28103448 0.28275862
 0.28275862 0.2862069  0.2862069  0.28793103 0.28793103 0.29137931
 0.29137931 0.29482759 0.29482759 0.29482759 0.29482759 0.29655172
 0.29655172 0.29827586 0.29827586 0.30172414 0.30172414 0.30344828
 0.30344828 0.30517241 0.30517241 0.30689655 0.30689655 0.30862069
 0.30862069 0.31206897 0.31206897 0.31551724 0.31551724 0.31724138
 0.31724138 0.31896552 0.31896552 0.32068966 0.32068966 0.32241379
 0.32241379 0.32413793 0.32586207 0.32586207 0.32758621 0.32758621
 0.32931034 0.32931034 0.33275862 0.33275862 0.33448276 0.3362069
 0.3362069  0.33965517 0.33965517 0.34137931 0.34137931 0.34310345
 0.34310345 0.34482759 0.34482759 0.5        0.5        0.50517241
 0.50517241 0.50689655 0.50689655 0.51034483 0.51034483 0.5137931
 0.5137931  0.51896552 0.51896552 0.52241379 0.52241379 0.52413793
 0.52413793 0.52586207 0.52586207 0.53103448 0.53103448 0.53793103
 0.53793103 0.54137931 0.54310345 0.54310345 0.54655172 0.54655172
 0.55172414 0.55172414 0.55344828 0.55344828 0.55689655 0.55689655
 0.55862069 0.55862069 0.56034483 0.56034483 0.56206897 0.56206897
 0.5637931  0.5637931  0.56896552 0.56896552 0.57068966 0.57068966
 0.57241379 0.57241379 0.57758621 0.57758621 0.57931034 0.57931034
 0.58275862 0.58275862 0.58448276 0.58448276 0.5862069  0.5862069
 0.58793103 0.58793103 0.59827586 0.59827586 0.6        0.6
 0.60172414 0.60172414 0.60344828 0.60344828 0.60689655 0.60689655
 0.61206897 0.61206897 0.6137931  0.6137931  0.61896552 0.61896552
 0.62068966 0.62068966 0.62241379 0.62241379 0.62586207 0.62586207
 0.62758621 0.62758621 0.62931034 0.62931034 0.6362069  0.6362069
 0.64482759 0.64482759 0.64827586 0.64827586 0.65       0.65
 0.65172414 0.65172414 0.65344828 0.65344828 0.65517241 0.65517241
 0.65689655 0.65689655 0.65862069 0.65862069 0.66034483 0.66034483
 0.6637931  0.6637931  0.66551724 0.66551724 0.66724138 0.66724138
 0.67068966 0.67068966 0.67413793 0.67413793 0.68103448 0.68103448
 0.68103448 0.68103448 0.6862069  0.6862069  0.68965517 0.68965517
 0.69310345 0.69310345 0.69482759 0.69482759 0.69655172 0.69655172
 0.69827586 0.69827586 0.70689655 0.70689655 0.70862069 0.70862069
 0.71034483 0.71034483 0.71206897 0.71206897 0.7137931  0.7137931
 0.71551724 0.71551724 0.71724138 0.71724138 0.71896552 0.71896552
 0.72241379 0.72241379 0.72413793 0.72413793 0.72586207 0.72586207
 0.72758621 0.72758621 0.72931034 0.72931034 0.73103448 0.73103448
 0.73275862 0.73275862 0.7362069  0.7362069  0.7362069  0.73793103
 0.73793103 0.73965517 0.73965517 0.74482759 0.74482759 0.74827586
 0.74827586 0.75       0.75       0.75172414 0.75172414 0.75517241
 0.75517241 0.75517241 0.75517241 0.75689655 0.75689655 0.75862069
 0.75862069 0.76034483 0.76034483 0.76206897 0.76206897 0.76551724
 0.76551724 0.76724138 0.76724138 0.76896552 0.76896552 0.77413793
 0.77413793 0.77413793 0.77413793 0.77586207 0.77586207 0.77758621
 0.77758621 0.77931034 0.77931034 0.78103448 0.78103448 0.78275862
 0.78275862 0.78448276 0.78448276 0.7862069  0.78965517 0.78965517
 0.79137931 0.79137931 0.79310345 0.79310345 0.79827586 0.79827586
 0.8        0.8        0.80344828 0.80344828 0.80517241 0.80517241
 0.80689655 0.80689655 0.81206897 0.81206897 0.81551724 0.81551724
 0.81724138 0.81724138 0.81724138 0.81724138 0.81724138 0.81724138
 0.81896552 0.81896552 0.82068966 0.82068966 0.82068966 0.82068966
 0.82413793 0.82413793 0.82586207 0.82586207 1.        ]"
FAF,Obesity,0.42680976020406325,0.4033928616928735,0.45221486099887864,1.000227,-inf,1.000227,672,467,573,399,0.4100087796312555,0.5895061728395061,0.4104938271604939,0.20236056464229327,2.808335775395153e-19,"[0.         0.05443371 0.05443371 0.05794557 0.05970149 0.05970149
 0.06584723 0.06584723 0.0667252  0.0667252  0.07023705 0.07023705
 0.07199298 0.07199298 0.07462687 0.07462687 0.07638279 0.07638279
 0.07726076 0.07726076 0.07989464 0.07989464 0.08252853 0.08252853
 0.08604039 0.08604039 0.08779631 0.08779631 0.08867428 0.08867428
 0.09920983 0.09920983 0.10535558 0.10535558 0.10798946 0.10798946
 0.10886743 0.10886743 0.10974539 0.10974539 0.11062335 0.11062335
 0.11501317 0.11501317 0.1237928  0.1237928  0.12467076 0.12467076
 0.12554873 0.12554873 0.12642669 0.27129061 0.27129061 0.27216857
 0.27216857 0.27304653 0.27304653 0.2739245  0.2739245  0.27480246
 0.27480246 0.27655838 0.27655838 0.27831431 0.27831431 0.2809482
 0.2809482  0.28270413 0.28270413 0.28358209 0.28358209 0.28446005
 0.28446005 0.28621598 0.28621598 0.28709394 0.28709394 0.28884987
 0.28884987 0.29148376 0.29148376 0.29323968 0.29323968 0.29499561
 0.29499561 0.29675154 0.29675154 0.29850746 0.29850746 0.30026339
 0.30026339 0.30114135 0.30114135 0.30289728 0.30289728 0.30377524
 0.30377524 0.3046532  0.3046532  0.30553117 0.30553117 0.30640913
 0.30640913 0.30728709 0.30728709 0.30816506 0.30816506 0.30904302
 0.30904302 0.30992098 0.30992098 0.31079895 0.31079895 0.31167691
 0.31167691 0.31255487 0.31255487 0.31518876 0.31518876 0.31606673
 0.31606673 0.31782265 0.31870061 0.31870061 0.31957858 0.31957858
 0.32221247 0.32221247 0.32309043 0.32309043 0.32396839 0.32396839
 0.32572432 0.32572432 0.32660228 0.32660228 0.32748025 0.32835821
 0.32835821 0.33011414 0.33011414 0.3309921  0.3309921  0.33187006
 0.33187006 0.33274802 0.33274802 0.33274802 0.33274802 0.33362599
 0.33362599 0.33450395 0.33450395 0.33538191 0.33538191 0.33713784
 0.33713784 0.33889377 0.33889377 0.33977173 0.33977173 0.34064969
 0.34064969 0.34328358 0.34328358 0.34416155 0.34416155 0.34503951
 0.34503951 0.34679543 0.34679543 0.3476734  0.3476734  0.34855136
 0.34855136 0.34942932 0.34942932 0.35030729 0.35030729 0.35118525
 0.35118525 0.35118525 0.35206321 0.35206321 0.35294118 0.35294118
 0.35381914 0.35381914 0.35557507 0.35557507 0.35733099 0.35733099
 0.35908692 0.35908692 0.35996488 0.35996488 0.36084284 0.36084284
 0.36172081 0.36172081 0.36259877 0.36259877 0.36347673 0.36347673
 0.36611062 0.36611062 0.36786655 0.36786655 0.36962248 0.36962248
 0.3713784  0.3713784  0.37313433 0.37313433 0.37401229 0.37401229
 0.37576822 0.37576822 0.37664618 0.37664618 0.37840211 0.37840211
 0.38015803 0.38015803 0.381036   0.381036   0.38191396 0.38191396
 0.38279192 0.38279192 0.38454785 0.38454785 0.38542581 0.38542581
 0.38630378 0.38630378 0.3880597  0.3880597  0.38893766 0.38893766
 0.39069359 0.39069359 0.39157155 0.39157155 0.39244952 0.39244952
 0.39332748 0.39332748 0.39508341 0.39508341 0.39596137 0.39683933
 0.39683933 0.3977173  0.3977173  0.40035119 0.40035119 0.40298507
 0.404741   0.40561896 0.40561896 0.40737489 0.40737489 0.40825285
 0.40825285 0.40913082 0.40913082 0.41000878 0.41000878 0.57945566
 0.58472344 0.58472344 0.58647937 0.58647937 0.58823529 0.58823529
 0.58999122 0.58999122 0.59086918 0.59086918 0.59350307 0.59350307
 0.595259   0.595259   0.59613696 0.59613696 0.59701493 0.59701493
 0.59964881 0.59964881 0.60403863 0.60403863 0.60579456 0.60667252
 0.60667252 0.60842845 0.60842845 0.61106234 0.61106234 0.6119403
 0.6119403  0.61369622 0.61369622 0.61457419 0.61457419 0.61633011
 0.61633011 0.61720808 0.61720808 0.61808604 0.61808604 0.62071993
 0.62071993 0.62159789 0.62159789 0.62335382 0.62335382 0.62598771
 0.62598771 0.62774363 0.62774363 0.62949956 0.62949956 0.63037752
 0.63037752 0.63125549 0.63125549 0.63301141 0.63301141 0.63388938
 0.63388938 0.64179104 0.64179104 0.64354697 0.64354697 0.64442493
 0.64442493 0.64618086 0.64618086 0.64881475 0.64881475 0.6523266
 0.6523266  0.65320457 0.65320457 0.65671642 0.65671642 0.65759438
 0.65759438 0.65847234 0.65847234 0.66022827 0.66022827 0.66110623
 0.66110623 0.6619842  0.6619842  0.66549605 0.66549605 0.66725198
 0.66725198 0.67251975 0.67251975 0.67515364 0.67515364 0.67603161
 0.67603161 0.67690957 0.67690957 0.67778753 0.67778753 0.67954346
 0.67954346 0.68129939 0.68129939 0.68217735 0.68217735 0.68305531
 0.68305531 0.68393327 0.68393327 0.68481124 0.68481124 0.6856892
 0.6856892  0.68656716 0.68656716 0.68832309 0.68832309 0.68920105
 0.68920105 0.69359087 0.69359087 0.69446883 0.69446883 0.69710272
 0.69710272 0.70061457 0.70061457 0.70149254 0.70324846 0.70324846
 0.70676032 0.70676032 0.70939421 0.70939421 0.71202809 0.71202809
 0.71466198 0.71466198 0.71553995 0.71553995 0.71992976 0.71992976
 0.72080773 0.72080773 0.72344162 0.72344162 0.72431958 0.72431958
 0.72519754 0.72519754 0.72695347 0.72695347 0.72783143 0.72783143
 0.72870939 0.72870939 0.73046532 0.73046532 0.73222125 0.73222125
 0.73309921 0.73309921 0.73397717 0.73397717 0.73485514 0.73485514
 0.7357331  0.7357331  0.73661106 0.73661106 0.73748903 0.73748903
 0.73924495 0.73924495 0.74012291 0.74100088 0.74187884 0.74187884
 0.74626866 0.74626866 0.74890255 0.74890255 0.74978051 0.74978051
 0.75065847 0.75065847 0.75153644 0.75153644 0.75504829 0.75504829
 0.75504829 0.75504829 0.75592625 0.75592625 0.75680421 0.75680421
 0.75856014 0.75856014 0.7594381  0.7594381  0.76031607 0.76031607
 0.76119403 0.76119403 0.76207199 0.76207199 0.76294996 0.76294996
 0.76470588 0.76470588 0.76558385 0.76558385 0.76646181 0.76646181
 0.7690957  0.7690957  0.77085162 0.77085162 0.77172959 0.77172959
 0.77260755 0.77260755 0.77348551 0.77348551 0.77436348 0.77436348
 0.7761194  0.7761194  0.77963126 0.77963126 0.78050922 0.78050922
 0.78138718 0.78314311 0.78314311 0.78402107 0.78402107 0.785777
 0.785777   0.78841089 0.78841089 0.79104478 0.79104478 0.79192274
 0.79192274 0.79367867 0.79367867 0.79455663 0.79455663 0.79543459
 0.79543459 0.79631255 0.79631255 0.79719052 0.79719052 0.79982441
 0.79982441 0.80070237 0.80070237 0.8024583  0.8024583  0.80421422
 0.80421422 0.80421422 0.80421422 0.80597015 0.80597015 0.80597015
 0.80597015 0.80772608 0.80772608 0.80860404 0.80860404 0.80860404
 0.80860404 0.81035996 0.81035996 0.81123793 0.81123793 1.        ]","[0.         0.01337449 0.0154321  0.0154321  0.0154321  0.01748971
 0.01748971 0.01851852 0.01851852 0.01954733 0.01954733 0.02057613
 0.02057613 0.02160494 0.02160494 0.02263374 0.02263374 0.02366255
 0.02366255 0.02469136 0.02469136 0.02572016 0.02572016 0.02880658
 0.02880658 0.02983539 0.02983539 0.031893   0.031893   0.03292181
 0.03292181 0.03909465 0.03909465 0.04012346 0.04012346 0.04115226
 0.04115226 0.04218107 0.04218107 0.04320988 0.04320988 0.04526749
 0.04526749 0.0473251  0.0473251  0.04835391 0.04835391 0.04938272
 0.04938272 0.05041152 0.05041152 0.06893004 0.07613169 0.07613169
 0.07921811 0.07921811 0.08744856 0.08744856 0.0936214  0.09465021
 0.09773663 0.09773663 0.09979424 0.09979424 0.10288066 0.10288066
 0.10493827 0.10493827 0.10802469 0.10802469 0.1090535  0.1090535
 0.11213992 0.11213992 0.11316872 0.11316872 0.11522634 0.11522634
 0.11625514 0.11625514 0.11728395 0.11728395 0.12345679 0.12345679
 0.12654321 0.12654321 0.12962963 0.12962963 0.13271605 0.13271605
 0.13374486 0.13374486 0.13580247 0.13580247 0.1409465  0.1409465
 0.14300412 0.14300412 0.14506173 0.14506173 0.14814815 0.14814815
 0.14917695 0.14917695 0.15020576 0.15020576 0.15123457 0.15123457
 0.15329218 0.15329218 0.15946502 0.15946502 0.16152263 0.16152263
 0.16563786 0.16563786 0.16872428 0.16872428 0.17386831 0.17386831
 0.17489712 0.17489712 0.17489712 0.17592593 0.17592593 0.18106996
 0.18106996 0.1882716  0.1882716  0.18930041 0.18930041 0.19032922
 0.19032922 0.19238683 0.19238683 0.19341564 0.19341564 0.19444444
 0.2037037  0.2037037  0.21090535 0.21090535 0.21296296 0.21296296
 0.21502058 0.21502058 0.2191358  0.22119342 0.22427984 0.22427984
 0.22633745 0.22633745 0.22736626 0.22736626 0.23045267 0.23045267
 0.23353909 0.23353909 0.23765432 0.23765432 0.23868313 0.23868313
 0.24485597 0.24485597 0.25411523 0.25411523 0.25925926 0.25925926
 0.26131687 0.26131687 0.2654321  0.2654321  0.26748971 0.26748971
 0.26954733 0.26954733 0.27057613 0.27057613 0.27469136 0.27469136
 0.27674897 0.27983539 0.27983539 0.28292181 0.28292181 0.28395062
 0.28395062 0.28600823 0.28600823 0.28909465 0.28909465 0.2962963
 0.2962963  0.29835391 0.29835391 0.29938272 0.29938272 0.30144033
 0.30144033 0.30658436 0.30658436 0.30761317 0.30761317 0.3117284
 0.3117284  0.3127572  0.3127572  0.31687243 0.31687243 0.32098765
 0.32098765 0.32201646 0.32201646 0.32304527 0.32407407 0.3281893
 0.3281893  0.33024691 0.33024691 0.33127572 0.33127572 0.33230453
 0.33230453 0.33333333 0.33333333 0.33436214 0.33436214 0.33641975
 0.33641975 0.34053498 0.34053498 0.34156379 0.34156379 0.3436214
 0.3436214  0.34567901 0.34567901 0.34979424 0.34979424 0.35288066
 0.35288066 0.3590535  0.3590535  0.3600823  0.3600823  0.36419753
 0.36419753 0.36522634 0.36522634 0.36625514 0.36728395 0.36728395
 0.3755144  0.3755144  0.37860082 0.37860082 0.38271605 0.38271605
 0.38271605 0.38271605 0.38580247 0.38580247 0.3909465  0.3909465
 0.39609053 0.39609053 0.40534979 0.40534979 0.41049383 0.4526749
 0.4526749  0.4537037  0.4537037  0.45781893 0.45781893 0.45987654
 0.45987654 0.46399177 0.46399177 0.46604938 0.46604938 0.47119342
 0.47119342 0.47222222 0.47222222 0.47530864 0.47530864 0.47736626
 0.47736626 0.48148148 0.48148148 0.4845679  0.4845679  0.4845679
 0.48559671 0.48559671 0.48662551 0.48662551 0.48765432 0.48765432
 0.49074074 0.49074074 0.49485597 0.49485597 0.5        0.5
 0.50205761 0.50205761 0.50308642 0.50308642 0.50411523 0.50411523
 0.50720165 0.50720165 0.51131687 0.51131687 0.51440329 0.51440329
 0.5154321  0.5154321  0.51748971 0.51748971 0.51851852 0.51851852
 0.52366255 0.52366255 0.52674897 0.52674897 0.52880658 0.52880658
 0.52983539 0.52983539 0.53395062 0.53395062 0.53497942 0.53497942
 0.53600823 0.53600823 0.53806584 0.53806584 0.53909465 0.53909465
 0.54320988 0.54320988 0.54423868 0.54423868 0.54526749 0.54526749
 0.54938272 0.54938272 0.55041152 0.55041152 0.55144033 0.55144033
 0.55349794 0.55349794 0.55452675 0.55452675 0.55967078 0.55967078
 0.5617284  0.5617284  0.56481481 0.56481481 0.56790123 0.56790123
 0.56893004 0.56893004 0.57304527 0.57304527 0.57407407 0.57407407
 0.57510288 0.57510288 0.57921811 0.57921811 0.58024691 0.58024691
 0.58127572 0.58127572 0.58230453 0.58230453 0.58436214 0.58436214
 0.58950617 0.58950617 0.59259259 0.59259259 0.59465021 0.59465021
 0.59567901 0.59567901 0.59670782 0.59670782 0.59773663 0.59773663
 0.59876543 0.59876543 0.59979424 0.59979424 0.59979424 0.60082305
 0.60082305 0.60185185 0.60185185 0.60493827 0.60493827 0.60802469
 0.60802469 0.6100823  0.6100823  0.61213992 0.61213992 0.61625514
 0.61625514 0.61728395 0.61728395 0.61831276 0.61831276 0.62139918
 0.62139918 0.62757202 0.62757202 0.62860082 0.62860082 0.62962963
 0.62962963 0.63888889 0.63888889 0.6399177  0.6399177  0.6409465
 0.6409465  0.64197531 0.64197531 0.64300412 0.64300412 0.64506173
 0.64506173 0.64609053 0.64609053 0.64814815 0.64814815 0.65020576
 0.65020576 0.65432099 0.65432099 0.65534979 0.65534979 0.6563786
 0.6563786  0.65843621 0.65843621 0.66255144 0.66255144 0.66666667
 0.66769547 0.67078189 0.67078189 0.67489712 0.67489712 0.68106996
 0.68312757 0.68621399 0.68621399 0.6882716  0.6882716  0.68930041
 0.68930041 0.69238683 0.69238683 0.69341564 0.69341564 0.69855967
 0.69855967 0.69958848 0.69958848 0.70061728 0.70061728 0.70164609
 0.70164609 0.7026749  0.7026749  0.70884774 0.70884774 0.70987654
 0.70987654 0.71090535 0.71090535 0.71296296 0.71296296 0.71502058
 0.71502058 0.71707819 0.71707819 0.718107   0.718107   0.72016461
 0.72016461 0.72119342 0.72119342 0.72530864 0.72530864 0.72633745
 0.72633745 0.72633745 0.72736626 0.72736626 0.72839506 0.72839506
 0.72942387 0.72942387 0.73251029 0.73251029 0.7345679  0.7345679
 0.73559671 0.73559671 0.73971193 0.73971193 0.74176955 0.74176955
 0.74897119 0.74897119 0.75       0.75       0.75411523 0.75411523
 0.75720165 0.75720165 0.75823045 0.75823045 0.76131687 0.76131687
 0.76234568 0.76440329 0.7654321  0.7654321  0.76748971 0.76954733
 0.77057613 0.77057613 0.77160494 0.77160494 0.77572016 0.77777778
 0.78600823 0.78600823 0.79012346 0.79012346 0.79835391 1.        ]"
TUE,Insufficient,0.6010189761059399,0.5635572663275191,0.636397390292206,0.98468,0.98468,inf,1273,566,131,141,0.30777596519847744,0.48161764705882354,0.5183823529411764,0.21060638774269905,1.0736441871106005e-09,"[0.         0.04893964 0.04948341 0.04948341 0.05111474 0.05111474
 0.05274606 0.05274606 0.0581838  0.0581838  0.06090266 0.06090266
 0.06307776 0.06307776 0.06416531 0.06525285 0.06579663 0.06579663
 0.06797172 0.06797172 0.07504078 0.07504078 0.07775965 0.07775965
 0.08047852 0.08047852 0.08102229 0.08102229 0.08482871 0.08482871
 0.08591626 0.08591626 0.08809135 0.08809135 0.08972268 0.08972268
 0.09244154 0.09244154 0.09298532 0.09570419 0.09570419 0.09787928
 0.09787928 0.1016857  0.1016857  0.10277325 0.10277325 0.10549212
 0.10549212 0.10766721 0.10766721 0.11147363 0.11147363 0.11473627
 0.11473627 0.11582382 0.11691136 0.11908646 0.11908646 0.12017401
 0.12017401 0.12180533 0.12180533 0.12289288 0.12289288 0.12343665
 0.12343665 0.1245242  0.12615552 0.12724307 0.12996194 0.12996194
 0.13050571 0.13159326 0.13322458 0.13322458 0.13539967 0.13539967
 0.13811854 0.13811854 0.13920609 0.13920609 0.13974986 0.13974986
 0.14083741 0.14083741 0.14138119 0.14138119 0.14246873 0.14246873
 0.15225666 0.15225666 0.15280044 0.15280044 0.15388798 0.15388798
 0.1555193  0.1555193  0.15660685 0.1576944  0.16095704 0.16095704
 0.16639478 0.16639478 0.17183252 0.17183252 0.17509516 0.17509516
 0.17563893 0.17563893 0.302882   0.3050571  0.30560087 0.30777597
 0.30777597 0.31865144 0.31865144 0.32626427 0.32626427 0.33224579
 0.33224579 0.33333333 0.33333333 0.34910277 0.34910277 0.35454051
 0.35454051 0.36704731 0.36704731 0.37302882 0.37302882 0.37357259
 0.37357259 0.38064165 0.38064165 0.38771071 0.38825449 0.38879826
 0.38934203 0.394236   0.394236   0.40076128 0.40076128 0.41381185
 0.41381185 0.42251223 0.42251223 0.42359978 0.42359978 0.4274062
 0.4274062  0.43665035 0.43665035 0.43828167 0.43828167 0.44371941
 0.44371941 0.45622621 0.45731376 0.4730832  0.4730832  0.47580207
 0.47580207 0.47797716 0.48015226 0.48287113 0.48395867 0.48395867
 0.48885264 0.48885264 0.4959217  0.4959217  0.50679717 0.50679717
 0.50734095 0.50788472 0.5290919  0.5290919  0.53235454 0.53235454
 0.5394236  0.54051115 0.54051115 0.54105492 0.54105492 0.54323002
 0.54377379 0.54486134 0.54486134 0.5497553  0.5497553  0.55029908
 0.55029908 0.5622621  0.5622621  0.56715606 0.56715606 0.57205003
 0.57205003 0.57857531 0.57857531 0.58129418 0.58129418 0.58183796
 0.5829255  0.58346928 0.58346928 0.58401305 0.58455682 0.59434475
 0.59434475 0.59597607 0.59597607 0.5976074  0.5976074  0.60957042
 0.60957042 0.61228929 0.61228929 0.61555193 0.61555193 0.61663948
 0.61990212 0.61990212 0.63023382 0.63023382 0.6411093  0.6411093
 0.64709081 0.64709081 0.65851006 0.65851006 0.66775421 0.66775421
 0.66829799 0.66829799 0.67373573 0.67373573 0.67645459 0.67754214
 0.68134856 0.68134856 0.68515498 0.68515498 0.69222403 0.69222403
 0.69385536 0.69385536 0.69603045 0.69603045 0.697118   0.697118
 0.70255574 0.70255574 0.71397499 0.71451876 0.71560631 0.71560631
 0.71723763 0.71886895 0.72430669 0.72430669 0.72485046 1.        ]","[0.         0.06985294 0.06985294 0.07352941 0.07352941 0.07720588
 0.07720588 0.08088235 0.08088235 0.08455882 0.08455882 0.09191176
 0.09191176 0.09558824 0.09558824 0.09558824 0.09558824 0.10294118
 0.10294118 0.10661765 0.10661765 0.11397059 0.11397059 0.12132353
 0.12132353 0.13235294 0.13235294 0.14338235 0.14338235 0.14705882
 0.14705882 0.15073529 0.15073529 0.15808824 0.15808824 0.16176471
 0.16176471 0.16544118 0.16911765 0.16911765 0.17279412 0.17279412
 0.18014706 0.18014706 0.18382353 0.18382353 0.1875     0.1875
 0.19485294 0.19485294 0.19852941 0.19852941 0.20220588 0.20220588
 0.20588235 0.20588235 0.20588235 0.20588235 0.20955882 0.20955882
 0.21323529 0.21323529 0.21691176 0.21691176 0.22058824 0.22058824
 0.22426471 0.22426471 0.22426471 0.22426471 0.22426471 0.22794118
 0.22794118 0.22794118 0.22794118 0.23161765 0.23161765 0.23529412
 0.23529412 0.23897059 0.23897059 0.24264706 0.24264706 0.24632353
 0.24632353 0.25       0.25       0.25367647 0.25367647 0.26102941
 0.26102941 0.26470588 0.26470588 0.26838235 0.26838235 0.27205882
 0.27205882 0.27573529 0.27573529 0.27941176 0.27941176 0.28308824
 0.28308824 0.28676471 0.28676471 0.29044118 0.29044118 0.29411765
 0.29411765 0.29779412 0.51102941 0.51102941 0.51470588 0.51470588
 0.51838235 0.51838235 0.52205882 0.52205882 0.52573529 0.52573529
 0.52941176 0.52941176 0.53308824 0.53308824 0.53676471 0.53676471
 0.54044118 0.54044118 0.54411765 0.54411765 0.55147059 0.55147059
 0.55514706 0.55514706 0.55882353 0.55882353 0.5625     0.5625
 0.56617647 0.56617647 0.56985294 0.56985294 0.57352941 0.57352941
 0.57720588 0.57720588 0.58088235 0.58088235 0.58823529 0.58823529
 0.59191176 0.59191176 0.59558824 0.59558824 0.60294118 0.60294118
 0.60661765 0.60661765 0.60661765 0.60661765 0.61029412 0.61029412
 0.61397059 0.61397059 0.61397059 0.61397059 0.61397059 0.61764706
 0.61764706 0.62132353 0.62132353 0.62867647 0.62867647 0.64338235
 0.64338235 0.64705882 0.64705882 0.65073529 0.65073529 0.65441176
 0.65441176 0.65441176 0.65808824 0.65808824 0.66176471 0.66176471
 0.66544118 0.66544118 0.66911765 0.66911765 0.67279412 0.67279412
 0.67647059 0.67647059 0.68014706 0.68014706 0.68382353 0.68382353
 0.6875     0.6875     0.69117647 0.69117647 0.69485294 0.69485294
 0.69485294 0.69852941 0.70220588 0.70220588 0.70588235 0.70588235
 0.70955882 0.70955882 0.71323529 0.71323529 0.71691176 0.71691176
 0.72058824 0.72058824 0.72426471 0.72426471 0.72794118 0.72794118
 0.72794118 0.73161765 0.73161765 0.73897059 0.73897059 0.74264706
 0.74264706 0.74632353 0.74632353 0.75       0.75       0.75735294
 0.75735294 0.76102941 0.76102941 0.76470588 0.76470588 0.76470588
 0.76470588 0.77205882 0.77205882 0.77573529 0.77573529 0.77941176
 0.77941176 0.78676471 0.78676471 0.79044118 0.79044118 0.79411765
 0.79411765 0.80147059 0.80147059 0.80514706 0.80514706 0.80882353
 0.80882353 0.80882353 0.80882353 0.8125     0.8125     1.        ]"
TUE,Normal,0.49517467449110586,0.45310250687654385,0.5369627764226339,1.0,1.0,inf,1286,538,129,158,0.2949561403508772,0.44947735191637633,0.5505226480836236,0.2555665077327465,9.45546110477488e-15,"[0.         0.04002193 0.05921053 0.06030702 0.09813596 0.09923246
 0.12774123 0.12883772 0.13815789 0.13925439 0.14089912 0.14199561
 0.14583333 0.14692982 0.17927632 0.18092105 0.20175439 0.29495614
 0.29714912 0.29824561 0.38760965 0.38870614 0.38925439 0.39035088
 0.46381579 0.46491228 0.48684211 0.48903509 0.49177632 0.49287281
 0.52083333 0.52192982 0.55482456 0.55592105 0.55975877 0.56085526
 0.60361842 0.6058114  0.60690789 0.60800439 0.64254386 0.64364035
 0.70942982 0.71052632 0.75274123 0.75383772 0.75712719 0.75877193
 0.76535088 1.        ]","[0.         0.12543554 0.12543554 0.12543554 0.12543554 0.12543554
 0.12543554 0.12543554 0.12543554 0.12543554 0.12543554 0.12543554
 0.12543554 0.12543554 0.12543554 0.12543554 0.12543554 0.55052265
 0.55052265 0.55052265 0.55052265 0.55052265 0.55052265 0.55052265
 0.55052265 0.55052265 0.55052265 0.55052265 0.55052265 0.55052265
 0.55052265 0.55052265 0.55052265 0.55052265 0.55052265 0.55052265
 0.55052265 0.55052265 0.55052265 0.55052265 0.55052265 0.55052265
 0.55052265 0.55052265 0.55052265 0.55052265 0.55052265 0.55052265
 0.55052265 1.        ]"
TUE,Overweight,0.4904665645622649,0.46316764836521673,0.5192498152264721,1.011983,-inf,1.011983,1256,275,454,126,0.17962116263879818,0.7827586206896552,0.21724137931034482,0.05764544246492038,0.11651526710593746,"[0.         0.05355976 0.0548661  0.0548661  0.05617244 0.05617244
 0.05747877 0.05747877 0.05813194 0.05813194 0.05943828 0.05943828
 0.06074461 0.06074461 0.06139778 0.06139778 0.06270411 0.06270411
 0.06466362 0.06596995 0.06858263 0.06858263 0.07054213 0.07054213
 0.0711953  0.0711953  0.07250163 0.07250163 0.07380797 0.07380797
 0.07446114 0.07446114 0.07642064 0.07642064 0.07772698 0.07772698
 0.08033965 0.08033965 0.08099282 0.08099282 0.08687133 0.08687133
 0.08817766 0.08817766 0.089484   0.089484   0.09079033 0.09079033
 0.093403   0.093403   0.09536251 0.09536251 0.09797518 0.09862835
 0.09993468 0.09993468 0.10646636 0.10646636 0.10711953 0.10711953
 0.1077727  0.1077727  0.10842587 0.10842587 0.11038537 0.11038537
 0.11299804 0.11299804 0.11495754 0.11495754 0.11561071 0.11561071
 0.11626388 0.11626388 0.11757022 0.11757022 0.12279556 0.12344873
 0.12344873 0.12932724 0.12932724 0.13128674 0.13193991 0.13193991
 0.13259308 0.13259308 0.13324624 0.13455258 0.13455258 0.13585892
 0.13651208 0.13912476 0.13912476 0.14108426 0.14108426 0.14173743
 0.14173743 0.1443501  0.1443501  0.14565643 0.14565643 0.15218811
 0.15218811 0.15545395 0.15545395 0.15741346 0.15741346 0.15806662
 0.15806662 0.1645983  0.1645983  0.16525147 0.16655781 0.16655781
 0.16721097 0.16721097 0.16851731 0.16851731 0.17047681 0.17047681
 0.17178315 0.17178315 0.17439582 0.17439582 0.17504899 0.17504899
 0.17766166 0.17766166 0.17831483 0.17831483 0.17962116 0.17962116
 0.18158067 0.32984977 0.32984977 0.33050294 0.33050294 0.33115611
 0.33115611 0.33180927 0.33180927 0.33246244 0.33246244 0.33311561
 0.33311561 0.33376878 0.33376878 0.33442195 0.33442195 0.33572828
 0.33572828 0.33638145 0.33638145 0.33703462 0.33703462 0.33899412
 0.33899412 0.34225996 0.34225996 0.34683214 0.34683214 0.3474853
 0.3474853  0.34813847 0.34813847 0.34879164 0.34879164 0.34944481
 0.34944481 0.35597649 0.35597649 0.35924233 0.35924233 0.36446767
 0.36446767 0.36903984 0.36903984 0.37165251 0.37165251 0.37883736
 0.37883736 0.3801437  0.3801437  0.3821032  0.3821032  0.38536904
 0.38536904 0.38732854 0.38732854 0.38994121 0.38994121 0.39386022
 0.39386022 0.39712606 0.39712606 0.4003919  0.4003919  0.40431091
 0.40431091 0.40822992 0.40822992 0.40888308 0.40953625 0.41018942
 0.41084259 0.41084259 0.41345526 0.41345526 0.41410843 0.41410843
 0.41737427 0.41737427 0.41802743 0.41802743 0.42194644 0.42194644
 0.42259961 0.42259961 0.42455911 0.42455911 0.42586545 0.42586545
 0.42717178 0.42717178 0.42847812 0.42847812 0.43762247 0.43762247
 0.44284781 0.44284781 0.44676682 0.44676682 0.45656434 0.45656434
 0.45852384 0.45852384 0.46701502 0.46701502 0.46832136 0.46832136
 0.47093403 0.47093403 0.47289353 0.47289353 0.4735467  0.4735467
 0.47419987 0.47419987 0.47681254 0.47681254 0.47811888 0.47811888
 0.47942521 0.48203788 0.48203788 0.48726323 0.48726323 0.48922273
 0.48922273 0.49314174 0.49314174 0.49379491 0.49379491 0.49836708
 0.49836708 0.50032658 0.50228609 0.50359242 0.50359242 0.50489876
 0.50620509 0.50685826 0.50685826 0.51273677 0.51273677 0.51600261
 0.51600261 0.52514696 0.52514696 0.5264533  0.5264533  0.52775963
 0.52775963 0.52971914 0.52971914 0.53298498 0.53429131 0.53494448
 0.53494448 0.53690398 0.53690398 0.53755715 0.53755715 0.54082299
 0.54082299 0.55127368 0.55127368 0.55258001 0.55258001 0.55323318
 0.55323318 0.55388635 0.55388635 0.55519268 0.55519268 0.55976486
 0.55976486 0.5610712  0.5610712  0.56237753 0.56237753 0.5630307
 0.5630307  0.56368387 0.56433703 0.56760287 0.56760287 0.56825604
 0.57152188 0.57152188 0.57413455 0.57413455 0.57674722 0.57674722
 0.58197257 0.58197257 0.5832789  0.5832789  0.58393207 0.58393207
 0.58589157 0.58589157 0.58719791 0.58719791 0.58981058 0.58981058
 0.59895493 0.59895493 0.60026127 0.60026127 0.6015676  0.6015676
 0.60744611 0.60875245 0.60940562 0.60940562 0.61005879 0.61136512
 0.61136512 0.61397779 0.61397779 0.61854997 0.61854997 0.61920314
 0.61920314 0.6198563  0.6198563  0.62050947 0.62050947 0.62246897
 0.62246897 0.62573481 0.62573481 0.62769432 0.62769432 0.62834749
 0.62834749 0.62900065 0.62900065 0.63226649 0.63226649 0.6361855
 0.6361855  0.63683867 0.63683867 0.63749184 0.63749184 0.63945134
 0.64010451 0.64337035 0.64337035 0.64598302 0.64598302 0.64859569
 0.64859569 0.65186153 0.65186153 0.65578054 0.65578054 0.65708687
 0.65708687 0.65839321 0.65839321 0.65904637 0.65904637 0.66361855
 0.66361855 0.66949706 0.66949706 0.6727629  0.6727629  0.67798824
 0.67798824 0.67864141 0.67864141 0.67994775 0.67994775 0.68060091
 0.68060091 0.68256042 0.68256042 0.68451992 0.68451992 0.68582626
 0.68582626 0.68843893 0.68843893 0.69170477 0.69170477 0.69431744
 0.69431744 0.69562378 0.69562378 0.69823645 0.69823645 0.69888961
 0.69888961 0.70476813 0.70476813 0.70803396 0.70803396 0.70999347
 0.70999347 0.71717831 0.71717831 0.7256695  0.7256695  0.7295885
 0.7295885  0.73154801 0.73154801 0.73350751 0.73350751 0.73416068
 0.73416068 0.73481385 0.73481385 0.73612018 0.73612018 0.73807969
 0.73873285 0.73873285 0.74003919 0.74003919 0.74199869 0.74722404
 0.74722404 0.74918354 1.        ]","[0.         0.04655172 0.04655172 0.05       0.05       0.05517241
 0.05517241 0.06034483 0.06034483 0.06206897 0.06206897 0.0637931
 0.0637931  0.06551724 0.06551724 0.07068966 0.07068966 0.07758621
 0.07758621 0.07758621 0.07758621 0.07931034 0.07931034 0.08448276
 0.08448276 0.0862069  0.0862069  0.08793103 0.08793103 0.08965517
 0.08965517 0.09137931 0.09137931 0.09310345 0.09310345 0.09482759
 0.09482759 0.09655172 0.09655172 0.09827586 0.09827586 0.1
 0.1        0.10344828 0.10344828 0.10517241 0.10517241 0.10862069
 0.10862069 0.11034483 0.11034483 0.11206897 0.11206897 0.1137931
 0.1137931  0.11551724 0.11551724 0.11896552 0.11896552 0.12068966
 0.12068966 0.12241379 0.12241379 0.12413793 0.12413793 0.12931034
 0.12931034 0.13103448 0.13103448 0.13275862 0.13275862 0.13448276
 0.13448276 0.13793103 0.13793103 0.13965517 0.13965517 0.14137931
 0.14827586 0.14827586 0.15       0.15       0.15172414 0.15344828
 0.15344828 0.15517241 0.15689655 0.15689655 0.16206897 0.16206897
 0.1637931  0.1637931  0.17068966 0.17068966 0.17241379 0.17241379
 0.17413793 0.17413793 0.17586207 0.17586207 0.17758621 0.17758621
 0.17931034 0.17931034 0.18275862 0.18275862 0.18448276 0.18448276
 0.18793103 0.18793103 0.18965517 0.18965517 0.19137931 0.19655172
 0.19655172 0.2        0.2        0.20172414 0.20172414 0.20344828
 0.20344828 0.20517241 0.20517241 0.21034483 0.21034483 0.21206897
 0.21206897 0.2137931  0.2137931  0.21551724 0.21551724 0.21724138
 0.21724138 0.32931034 0.33275862 0.33275862 0.33448276 0.3362069
 0.33793103 0.33793103 0.34137931 0.34137931 0.34310345 0.34310345
 0.34655172 0.34655172 0.34827586 0.34827586 0.35172414 0.35172414
 0.35344828 0.35344828 0.35862069 0.35862069 0.36034483 0.36034483
 0.3637931  0.3637931  0.36551724 0.36551724 0.36724138 0.36724138
 0.36896552 0.36896552 0.37068966 0.37068966 0.37241379 0.37241379
 0.37413793 0.37413793 0.37586207 0.37586207 0.37758621 0.37758621
 0.37931034 0.37931034 0.38275862 0.38275862 0.38448276 0.38448276
 0.3862069  0.3862069  0.38965517 0.38965517 0.39137931 0.39137931
 0.39827586 0.39827586 0.4        0.4        0.40172414 0.40172414
 0.40344828 0.40344828 0.40689655 0.40689655 0.40862069 0.40862069
 0.41034483 0.41034483 0.41206897 0.41206897 0.4137931  0.4137931
 0.41551724 0.41724138 0.41724138 0.41896552 0.41896552 0.42068966
 0.42068966 0.42241379 0.42241379 0.42586207 0.42586207 0.43275862
 0.43275862 0.43448276 0.43448276 0.4362069  0.4362069  0.43965517
 0.43965517 0.44137931 0.44137931 0.44310345 0.44310345 0.44482759
 0.44482759 0.44655172 0.44655172 0.44827586 0.44827586 0.45
 0.45       0.45172414 0.45172414 0.45517241 0.45517241 0.45689655
 0.45689655 0.45862069 0.45862069 0.46034483 0.46034483 0.46206897
 0.46206897 0.4637931  0.4637931  0.46724138 0.46724138 0.46896552
 0.46896552 0.46896552 0.47241379 0.47241379 0.47413793 0.47413793
 0.47586207 0.47586207 0.47931034 0.47931034 0.48103448 0.48103448
 0.48275862 0.48275862 0.48448276 0.48448276 0.4862069  0.4862069
 0.4862069  0.4862069  0.48793103 0.48793103 0.49482759 0.49482759
 0.49655172 0.49655172 0.49827586 0.49827586 0.5        0.5
 0.50172414 0.50172414 0.50344828 0.50344828 0.50344828 0.50344828
 0.50517241 0.50517241 0.50689655 0.50689655 0.50862069 0.50862069
 0.51034483 0.51034483 0.51206897 0.51206897 0.51551724 0.51551724
 0.51724138 0.51724138 0.51896552 0.51896552 0.52068966 0.52068966
 0.52241379 0.52241379 0.52413793 0.52413793 0.52586207 0.52586207
 0.52931034 0.52931034 0.53103448 0.53103448 0.53448276 0.5362069
 0.5362069  0.53793103 0.53793103 0.53965517 0.53965517 0.54310345
 0.54310345 0.54655172 0.54655172 0.54827586 0.54827586 0.55
 0.55       0.55172414 0.55172414 0.55689655 0.55689655 0.56034483
 0.56034483 0.5637931  0.5637931  0.56551724 0.56551724 0.56724138
 0.56724138 0.57068966 0.57068966 0.57241379 0.57413793 0.57413793
 0.57586207 0.57586207 0.57758621 0.57758621 0.57931034 0.57931034
 0.58103448 0.58103448 0.58275862 0.58275862 0.58448276 0.58448276
 0.5862069  0.5862069  0.58793103 0.58793103 0.58965517 0.58965517
 0.59482759 0.59482759 0.59655172 0.59655172 0.59827586 0.59827586
 0.6        0.6        0.60172414 0.60172414 0.60517241 0.60517241
 0.60689655 0.60689655 0.60862069 0.60862069 0.61034483 0.61034483
 0.61206897 0.61206897 0.61551724 0.61551724 0.61724138 0.61724138
 0.61896552 0.61896552 0.62241379 0.62241379 0.62413793 0.62413793
 0.62586207 0.62586207 0.62758621 0.62758621 0.63103448 0.63103448
 0.63448276 0.63448276 0.6362069  0.6362069  0.63793103 0.63793103
 0.63965517 0.63965517 0.64137931 0.64137931 0.64655172 0.64655172
 0.64827586 0.64827586 0.65       0.65       0.65172414 0.65172414
 0.65344828 0.65344828 0.65689655 0.65689655 0.65862069 0.65862069
 0.66206897 0.66206897 0.6637931  0.6637931  0.66551724 0.66551724
 0.66896552 0.66896552 0.67068966 0.67068966 0.67241379 0.67241379
 0.67413793 0.67413793 0.67586207 0.67586207 0.67758621 0.67758621
 0.67931034 0.67931034 0.68448276 0.68448276 0.69137931 0.69137931
 0.69310345 0.69482759 0.69482759 0.7        0.7        0.7
 0.70172414 0.70172414 1.        ]"
TUE,Obesity,0.4642862304309968,0.43950884892806685,0.4889019920683784,7.3e-05,-inf,7.3e-05,353,786,204,768,0.6900790166812993,0.20987654320987653,0.7901234567901234,0.22333051518009084,2.0499887593723285e-23,"[0.         0.07199298 0.07199298 0.07462687 0.07462687 0.07901668
 0.07901668 0.08165057 0.08165057 0.08252853 0.08252853 0.0834065
 0.0834065  0.08516242 0.08516242 0.09394205 0.09394205 0.09394205
 0.09394205 0.09569798 0.09569798 0.09657594 0.09657594 0.1000878
 0.1000878  0.10096576 0.10096576 0.10184372 0.10184372 0.10272169
 0.10272169 0.10535558 0.10535558 0.10623354 0.10623354 0.10886743
 0.10886743 0.10974539 0.10974539 0.11325724 0.11325724 0.11589113
 0.11589113 0.1167691  0.1167691  0.11940299 0.11940299 0.12115891
 0.12115891 0.12291484 0.12291484 0.12467076 0.12467076 0.12554873
 0.12554873 0.12642669 0.12642669 0.12730465 0.12730465 0.12818262
 0.12993854 0.12993854 0.13081651 0.13081651 0.13169447 0.13169447
 0.1334504  0.1334504  0.13520632 0.13520632 0.13608428 0.13608428
 0.13871817 0.13871817 0.13959614 0.13959614 0.14223003 0.14223003
 0.14398595 0.14398595 0.14486392 0.14486392 0.14661984 0.14661984
 0.14749781 0.14749781 0.14925373 0.14925373 0.15100966 0.15100966
 0.15188762 0.15188762 0.15276558 0.1571554  0.1571554  0.15803336
 0.15803336 0.15891133 0.15891133 0.16066725 0.16066725 0.16154522
 0.16242318 0.16330114 0.16330114 0.1641791  0.16505707 0.16505707
 0.16856892 0.16856892 0.16944688 0.16944688 0.17471466 0.17471466
 0.17559263 0.17559263 0.17734855 0.17734855 0.17998244 0.17998244
 0.18173837 0.18173837 0.18261633 0.18261633 0.18437226 0.18437226
 0.18525022 0.18525022 0.18700615 0.18700615 0.18788411 0.18788411
 0.190518   0.190518   0.19139596 0.19139596 0.19227392 0.19227392
 0.19402985 0.19402985 0.19578578 0.19841967 0.19841967 0.20105356
 0.20105356 0.20193152 0.20193152 0.20280948 0.20280948 0.20368745
 0.20368745 0.20456541 0.20456541 0.2071993  0.2071993  0.20807726
 0.20807726 0.20983319 0.20983319 0.21071115 0.21071115 0.21246708
 0.21246708 0.21334504 0.42844601 0.43020193 0.43020193 0.43107989
 0.43283582 0.43371378 0.43371378 0.43722564 0.43722564 0.43898156
 0.43898156 0.43985953 0.43985953 0.44161545 0.44161545 0.44249342
 0.44249342 0.4451273  0.4451273  0.44600527 0.44600527 0.44863916
 0.44863916 0.44951712 0.44951712 0.45127305 0.45127305 0.45215101
 0.45215101 0.45302897 0.45302897 0.45390694 0.45390694 0.4547849
 0.4547849  0.45566286 0.45566286 0.45654083 0.45654083 0.45741879
 0.45741879 0.45829675 0.45829675 0.45917471 0.45917471 0.4618086
 0.4618086  0.46268657 0.46268657 0.46356453 0.46356453 0.46444249
 0.46444249 0.46619842 0.46619842 0.46707638 0.46707638 0.47058824
 0.47058824 0.4714662  0.4714662  0.47234416 0.47234416 0.47322212
 0.47322212 0.47673398 0.47673398 0.4784899  0.4784899  0.47936787
 0.47936787 0.48024583 0.48024583 0.48112379 0.48112379 0.48200176
 0.48200176 0.48375768 0.48375768 0.48551361 0.48639157 0.48639157
 0.48726953 0.48726953 0.4881475  0.4881475  0.48902546 0.48902546
 0.48990342 0.48990342 0.49165935 0.49165935 0.49604917 0.49604917
 0.49692713 0.49692713 0.49780509 0.49780509 0.49956102 0.49956102
 0.50043898 0.50043898 0.50131694 0.50131694 0.50219491 0.50219491
 0.50307287 0.50307287 0.50395083 0.50395083 0.50658472 0.50658472
 0.50746269 0.50746269 0.50834065 0.50834065 0.50921861 0.50921861
 0.51097454 0.51097454 0.51273047 0.51273047 0.51448639 0.51448639
 0.51624232 0.51624232 0.51712028 0.51712028 0.51799824 0.51799824
 0.51887621 0.51887621 0.51975417 0.51975417 0.5215101  0.5215101
 0.52238806 0.52238806 0.52238806 0.52414399 0.52414399 0.52502195
 0.52502195 0.52589991 0.52589991 0.52765584 0.52765584 0.52941176
 0.52941176 0.53116769 0.53116769 0.53204565 0.53204565 0.53292362
 0.53292362 0.53292362 0.53467954 0.53467954 0.53906936 0.53906936
 0.53994732 0.53994732 0.54170325 0.54170325 0.54258121 0.54258121
 0.54345917 0.54345917 0.54433714 0.54433714 0.54872695 0.54872695
 0.54960492 0.54960492 0.55048288 0.55048288 0.55136084 0.55136084
 0.55223881 0.55223881 0.55311677 0.55311677 0.55399473 0.55399473
 0.55575066 0.55575066 0.55662862 0.55662862 0.55838455 0.55838455
 0.55926251 0.55926251 0.56014047 0.56014047 0.56101844 0.56101844
 0.5618964  0.5618964  0.56277436 0.56277436 0.56453029 0.56453029
 0.56540825 0.56628622 0.56628622 0.56716418 0.56716418 0.56892011
 0.57067603 0.57067603 0.57155399 0.57155399 0.57243196 0.57243196
 0.57330992 0.57330992 0.57418788 0.57418788 0.57682177 0.57682177
 0.5785777  0.5785777  0.57945566 0.57945566 0.58033363 0.58033363
 0.58121159 0.58121159 0.58472344 0.58472344 0.58735733 0.58735733
 0.58823529 0.58823529 0.58999122 0.58999122 0.59086918 0.59086918
 0.59174715 0.59174715 0.59262511 0.59262511 0.59350307 0.59350307
 0.59438104 0.59613696 0.59789289 0.59964881 0.59964881 0.60052678
 0.60052678 0.60140474 0.60140474 0.6022827  0.6022827  0.60491659
 0.60491659 0.60667252 0.60667252 0.60842845 0.60842845 0.60930641
 0.60930641 0.61018437 0.61018437 0.61281826 0.61281826 0.61369622
 0.61369622 0.61457419 0.61457419 0.61545215 0.61545215 0.61808604
 0.61808604 0.61984197 0.61984197 0.62071993 0.62159789 0.62159789
 0.62335382 0.62335382 0.62423178 0.62423178 0.62510975 0.62510975
 0.62686567 0.62686567 0.6286216  0.6286216  0.62949956 0.62949956
 0.63037752 0.63037752 0.63213345 0.63213345 0.63301141 0.63301141
 0.63388938 0.63388938 0.63476734 0.63476734 0.6356453  0.6356453
 0.63652327 0.63652327 0.63827919 0.63827919 0.64003512 0.64003512
 0.64091308 0.64091308 0.64179104 0.64179104 0.64266901 0.64266901
 0.64354697 0.64354697 0.64442493 0.64442493 0.64705882 0.64705882
 0.64793679 0.64793679 0.64881475 0.64881475 0.65057068 0.65057068
 0.6523266  0.6523266  0.65320457 0.65320457 0.65583845 0.65583845
 0.65671642 0.65671642 0.65847234 0.65847234 0.66110623 0.66110623
 0.66286216 0.66286216 0.66461809 0.66461809 0.66549605 0.66549605
 0.66637401 0.66637401 0.66812994 0.66812994 0.6690079  0.6690079
 0.66988586 0.66988586 0.67076383 0.67076383 0.67339772 0.67339772
 0.67427568 0.67427568 0.67515364 0.67515364 0.67603161 0.67603161
 0.6786655  0.6786655  0.68217735 0.68217735 0.68393327 0.68481124
 0.68481124 0.68832309 0.68832309 0.68832309 0.68920105 0.68920105
 0.69007902 0.69007902 1.        ]","[0.         0.02777778 0.02880658 0.02880658 0.02983539 0.02983539
 0.0308642  0.0308642  0.031893   0.031893   0.03395062 0.03395062
 0.03497942 0.03497942 0.03600823 0.03600823 0.03806584 0.04012346
 0.04115226 0.04115226 0.04218107 0.04218107 0.04423868 0.04423868
 0.04526749 0.04526749 0.0473251  0.0473251  0.04938272 0.04938272
 0.05041152 0.05041152 0.05144033 0.05144033 0.05349794 0.05349794
 0.05555556 0.05555556 0.05658436 0.05658436 0.05761317 0.05761317
 0.05967078 0.05967078 0.0617284  0.0617284  0.0627572  0.0627572
 0.06378601 0.06378601 0.06481481 0.06481481 0.06584362 0.06584362
 0.06687243 0.06687243 0.06790123 0.06790123 0.07098765 0.07098765
 0.07098765 0.07304527 0.07304527 0.07510288 0.07510288 0.07921811
 0.07921811 0.08024691 0.08024691 0.08127572 0.08127572 0.08230453
 0.08230453 0.08333333 0.08333333 0.08436214 0.08436214 0.08539095
 0.08539095 0.08641975 0.08641975 0.08847737 0.08847737 0.08950617
 0.08950617 0.09053498 0.09053498 0.09156379 0.09156379 0.09670782
 0.09670782 0.09876543 0.09979424 0.09979424 0.10185185 0.10185185
 0.10493827 0.10493827 0.10596708 0.10596708 0.10699588 0.10699588
 0.10802469 0.10802469 0.1090535  0.1090535  0.1100823  0.11213992
 0.11213992 0.11316872 0.11419753 0.11728395 0.11728395 0.11934156
 0.11934156 0.12037037 0.12037037 0.12242798 0.12242798 0.12345679
 0.12345679 0.1244856  0.1244856  0.12654321 0.12654321 0.12962963
 0.12962963 0.13477366 0.13477366 0.13786008 0.13786008 0.13888889
 0.13888889 0.1399177  0.1399177  0.14197531 0.14197531 0.14506173
 0.14506173 0.14609053 0.14711934 0.14711934 0.14814815 0.14814815
 0.14917695 0.14917695 0.15226337 0.15226337 0.15432099 0.15432099
 0.15534979 0.15534979 0.15740741 0.15740741 0.15843621 0.15843621
 0.16152263 0.16152263 0.16255144 0.16255144 0.16460905 0.16460905
 0.16563786 0.16563786 0.21399177 0.21399177 0.21502058 0.21502058
 0.21502058 0.21502058 0.21604938 0.21604938 0.21707819 0.21707819
 0.218107   0.218107   0.2191358  0.2191358  0.22119342 0.22119342
 0.22222222 0.22222222 0.22325103 0.22325103 0.22530864 0.22530864
 0.23045267 0.23045267 0.23662551 0.23662551 0.23765432 0.23765432
 0.23868313 0.23868313 0.23971193 0.23971193 0.24074074 0.24074074
 0.24279835 0.24279835 0.24485597 0.24485597 0.24897119 0.24897119
 0.25411523 0.25411523 0.26234568 0.26234568 0.26954733 0.26954733
 0.27263374 0.27263374 0.27880658 0.27880658 0.28292181 0.28292181
 0.28497942 0.28497942 0.28806584 0.28806584 0.29320988 0.29320988
 0.29423868 0.29423868 0.29526749 0.29526749 0.29938272 0.29938272
 0.30349794 0.30349794 0.30761317 0.30761317 0.3127572  0.3127572
 0.31378601 0.31378601 0.31790123 0.31790123 0.32407407 0.32407407
 0.32510288 0.32510288 0.32613169 0.32613169 0.32613169 0.33024691
 0.33024691 0.33127572 0.33127572 0.33230453 0.33230453 0.33539095
 0.33539095 0.33641975 0.33641975 0.34156379 0.34156379 0.34259259
 0.34259259 0.34567901 0.34567901 0.34773663 0.34773663 0.34979424
 0.34979424 0.35185185 0.35185185 0.35596708 0.35596708 0.36522634
 0.36522634 0.37139918 0.37139918 0.37242798 0.37242798 0.37654321
 0.37654321 0.37860082 0.37860082 0.3909465  0.3909465  0.39403292
 0.39403292 0.39711934 0.39711934 0.40432099 0.40432099 0.40534979
 0.40534979 0.40946502 0.40946502 0.41255144 0.41255144 0.41358025
 0.41358025 0.41460905 0.41460905 0.41872428 0.41872428 0.42078189
 0.42078189 0.42283951 0.42695473 0.42695473 0.43518519 0.43518519
 0.4382716  0.4382716  0.44444444 0.44444444 0.44547325 0.44547325
 0.45061728 0.45061728 0.4537037  0.45679012 0.45884774 0.45884774
 0.46090535 0.46296296 0.46296296 0.47119342 0.47119342 0.47633745
 0.47633745 0.47942387 0.47942387 0.48868313 0.48868313 0.49074074
 0.49074074 0.49279835 0.49279835 0.49588477 0.49588477 0.49691358
 0.49794239 0.49897119 0.49897119 0.50205761 0.50205761 0.50308642
 0.50308642 0.50823045 0.50823045 0.52469136 0.52469136 0.52674897
 0.52674897 0.52777778 0.52777778 0.52880658 0.52880658 0.52983539
 0.52983539 0.53395062 0.53395062 0.53600823 0.53600823 0.53806584
 0.53806584 0.54012346 0.54012346 0.54115226 0.54115226 0.54218107
 0.54320988 0.54320988 0.54423868 0.54423868 0.5462963  0.5462963
 0.5462963  0.54835391 0.54835391 0.55041152 0.55041152 0.55452675
 0.55452675 0.55555556 0.55555556 0.55658436 0.55658436 0.56481481
 0.56481481 0.56687243 0.56687243 0.56790123 0.56790123 0.57098765
 0.57098765 0.57201646 0.57201646 0.57613169 0.57613169 0.58539095
 0.58539095 0.58847737 0.58847737 0.59053498 0.59053498 0.59259259
 0.59259259 0.5936214  0.5936214  0.59876543 0.59876543 0.59979424
 0.60082305 0.60082305 0.60082305 0.60082305 0.60288066 0.60288066
 0.60699588 0.60699588 0.61419753 0.61419753 0.61522634 0.61522634
 0.61625514 0.61625514 0.61831276 0.61831276 0.62242798 0.62242798
 0.6255144  0.6255144  0.62654321 0.62654321 0.62757202 0.62757202
 0.63271605 0.63271605 0.63374486 0.63374486 0.63786008 0.63786008
 0.63888889 0.63888889 0.6409465  0.6409465  0.64197531 0.64711934
 0.64711934 0.65020576 0.65020576 0.65432099 0.65432099 0.65946502
 0.65946502 0.66255144 0.66255144 0.66358025 0.66358025 0.66563786
 0.66563786 0.66769547 0.66769547 0.66872428 0.66872428 0.67592593
 0.67592593 0.67695473 0.67695473 0.68415638 0.68415638 0.6872428
 0.6872428  0.6882716  0.6882716  0.69650206 0.69650206 0.69753086
 0.69753086 0.69958848 0.69958848 0.70061728 0.70061728 0.70164609
 0.70164609 0.7026749  0.7026749  0.70576132 0.70576132 0.70781893
 0.70781893 0.71193416 0.71193416 0.71296296 0.71296296 0.71399177
 0.71399177 0.718107   0.718107   0.72016461 0.72016461 0.72325103
 0.72325103 0.72427984 0.72427984 0.73148148 0.73148148 0.73662551
 0.73662551 0.73868313 0.73868313 0.74794239 0.74794239 0.74897119
 0.74897119 0.75       0.75       0.75411523 0.75411523 0.75617284
 0.75617284 0.75823045 0.75823045 0.76440329 0.76440329 0.7654321
 0.7654321  0.76851852 0.76851852 0.76954733 0.76954733 0.77057613
 0.77057613 0.77263374 0.77263374 0.77572016 0.77572016 0.77572016
 0.77674897 0.77674897 0.77983539 0.78806584 0.78806584 0.78909465
 0.78909465 0.79012346 1.        ]"
